Customer ID,MeanProdSale,TotalSale,TotalProd,MeanSpentSession,MeanProdSession,TotalProdRet,MinProdSpent,MaxProdSpent,MeanTimeGap,Nsessions,DistinctProd,Label_09
13085.0,3.425,1096.8000000000002,376,274.20000000000005,94.0,0,15.0,100.8,19.666666666666668,4.0,18.0,Loyalty
13078.0,3.999607843137255,2278.3,735,379.7166666666667,122.5,13,10.0,130.8,68.4,4.0,34.0,Loyalty
12682.0,3.1729268292682926,964.9500000000002,409,321.65000000000003,136.33333333333334,0,7.800000000000001,124.95,171.5,3.0,36.0,Loyalty
18087.0,3.130454545454546,989.74,290,247.435,72.5,0,8.48,204.0,112.0,4.0,20.0,Loyalty
15413.0,3.945,4513.42,1922,1504.4733333333334,640.6666666666666,0,101.76,784.8000000000001,168.5,3.0,16.0,Loyalty
17865.0,2.9785401459854013,2900.7100000000014,1385,362.58875,173.125,12,0.42,76.5,49.142857142857146,6.0,108.0,Loyalty
13767.0,4.30175,2498.6500000000005,895,624.6625,223.75,3,13.919999999999998,232.0,112.0,3.0,31.0,Loyalty
17238.0,3.706962025316456,559.9000000000001,177,186.63333333333333,59.0,0,0.85,25.5,152.0,3.0,62.0,Loyalty
16011.0,3.3048571428571427,543.2800000000001,291,135.82,72.75,3,0.85,31.8,114.0,3.0,51.0,Loyalty
12931.0,1.45,1268.75,875,634.375,437.5,0,108.75,1160.0,59.0,2.0,2.0,Loyalty
12533.0,2.814651162790698,791.52,460,263.84,153.33333333333334,18,2.9,44.55,152.0,1.0,43.0,Loyalty
12913.0,2.898571428571429,741.96,268,370.98,134.0,0,30.0,147.89999999999998,181.0,2.0,5.0,Loyalty
14341.0,2.467941176470588,584.7399999999999,442,194.91333333333333,147.33333333333334,1,2.28,53.1,169.5,2.0,32.0,Loyalty
13599.0,1.7494736842105263,965.69,832,321.89666666666665,277.3333333333333,2,6.3,153.6,168.5,2.0,38.0,Loyalty
15326.0,3.799433962264151,629.9700000000003,423,209.99,141.0,15,5.04,33.9,170.0,2.0,47.0,Loyalty
15005.0,2.67216,868.16,477,173.632,95.4,8,1.49,27.8,84.75,3.0,101.0,Loyalty
13097.0,3.616288659793815,1224.5299999999993,537,306.13250000000005,134.25,4,0.42,55.8,112.66666666666669,3.0,88.0,Loyalty
14030.0,3.7519642857142856,740.2,380,246.7333333333333,126.66666666666669,1,2.1,71.6,136.5,2.0,54.0,Loyalty
15984.0,2.3978125,1384.1300000000006,1066,461.3766666666667,355.3333333333333,0,1.45,90.0,169.0,3.0,48.0,Loyalty
12921.0,2.7043037974683544,2443.7000000000007,1539,610.9250000000001,384.75,0,10.2,135.0,113.33333333333331,4.0,52.0,Loyalty
14543.0,5.9071428571428575,1269.9999999999998,374,317.5,93.5,0,4.25,139.0,113.0,4.0,19.0,Loyalty
18037.0,9.216666666666669,27.65,3,9.216666666666669,1.0,0,1.95,21.95,170.0,3.0,3.0,Loyalty
13711.0,5.683333333333334,86.0,16,28.666666666666668,5.333333333333333,6,14.85,27.0,168.5,1.0,6.0,Loyalty
15601.0,2.21897435897436,1490.4700000000005,995,496.8233333333333,331.6666666666667,0,2.95,88.5,169.5,3.0,66.0,Loyalty
13819.0,2.283478260869565,1071.15,813,357.05,271.0,7,8.5,59.400000000000006,152.0,2.0,33.0,Loyalty
15750.0,2.9952702702702703,485.34,265,161.78,88.33333333333333,3,1.05,19.9,169.0,2.0,68.0,Loyalty
17428.0,2.5698039215686275,3204.6199999999994,1247,801.155,311.75,0,1.7,489.6,169.0,4.0,48.0,Loyalty
14135.0,1.0517391304347827,1450.3299999999997,1621,483.4433333333332,540.3333333333334,23,5.04,212.4,136.5,2.0,22.0,Loyalty
14831.0,3.3138888888888887,813.1999999999997,452,271.06666666666666,150.66666666666666,3,7.800000000000001,86.0,154.0,2.0,36.0,Loyalty
13777.0,2.285142857142857,7125.04,3272,1425.008,654.4,0,12.6,1104.0,77.0,5.0,23.0,Loyalty
16163.0,5.386363636363637,752.1300000000001,275,125.355,45.833333333333336,17,5.04,59.400000000000006,61.0,2.0,43.0,Loyalty
16131.0,2.789565217391304,1315.4200000000003,720,657.7100000000003,360.0,1,6.72,130.8,181.0,1.0,47.0,Loyalty
12523.0,2.29,63.61,61,31.805,30.5,1,12.6,27.04,150.0,1.0,5.0,Loyalty
16202.0,3.784242424242424,587.2199999999999,300,195.74,100.0,1,5.04,39.8,154.0,2.0,32.0,Loyalty
13269.0,1.305925925925926,526.62,550,175.54000000000005,183.3333333333333,0,5.88,69.6,154.0,3.0,23.0,Loyalty
13564.0,3.1236708860759497,738.3499999999998,267,147.67000000000002,53.4,1,1.25,29.75,77.0,4.0,57.0,Loyalty
13070.0,2.075,146.4,72,73.19999999999999,36.0,4,17.700000000000003,19.5,150.0,1.0,9.0,Loyalty
17377.0,2.8143478260869568,2095.520000000001,769,299.36,109.85714285714286,3,0.42,305.64,52.0,6.0,112.0,Loyalty
16210.0,4.676666666666667,1904.7,974,476.175,243.5,0,11.7,238.8,103.0,4.0,21.0,Loyalty
17412.0,2.110172413793104,1126.2699999999998,876,375.42333333333335,292.0,0,8.5,54.0,155.5,3.0,55.0,Loyalty
16525.0,3.6925,1654.39,879,413.5975,219.75,0,10.08,122.04,104.0,4.0,26.0,Loyalty
14122.0,7.196666666666666,126.63999999999996,24,42.21333333333333,8.0,1,14.85,89.69999999999999,154.0,2.0,3.0,Loyalty
16987.0,3.6865909090909095,279.01,86,93.00333333333332,28.666666666666668,2,1.25,22.5,154.0,2.0,35.0,Loyalty
15917.0,1.959669421487604,315.32999999999987,196,105.10999999999996,65.33333333333333,0,0.19,16.95,154.0,3.0,95.0,Loyalty
14987.0,4.092857142857143,485.1,186,97.02,37.2,32,7.95,163.2,78.0,4.0,3.0,Loyalty
16200.0,2.3763942307692307,1993.85,1378,664.6166666666666,459.3333333333333,0,0.65,81.12,154.0,3.0,142.0,Loyalty
15523.0,3.515238095238095,1136.63,658,284.1575,164.5,4,2.1,244.8,80.66666666666667,3.0,19.0,Loyalty
15615.0,2.6853333333333333,1231.2500000000005,651,307.8125,162.75,5,10.08,59.400000000000006,102.33333333333331,3.0,38.0,Loyalty
13089.0,3.0722222222222224,3097.600000000001,1252,442.5142857142858,178.85714285714286,14,15.0,163.5,52.0,5.0,36.0,Loyalty
12437.0,2.810384615384616,464.78,242,154.92666666666665,80.66666666666667,18,8.5,47.6,121.0,1.0,26.0,Loyalty
14841.0,1.7057142857142855,1215.7999999999995,1268,405.2666666666666,422.6666666666667,0,4.32,54.08,156.5,3.0,46.0,Loyalty
14646.0,2.112519083969466,14591.47,10534,2918.2940000000003,2106.8,0,0.42,1224.0,77.25,5.0,123.0,Loyalty
13931.0,2.560581395348837,1630.060000000001,850,543.3533333333336,283.3333333333333,0,7.5,40.5,138.5,3.0,86.0,Loyalty
15194.0,1.6432142857142855,1486.3899999999996,1289,297.2780000000001,257.8,1,6.84,122.4,70.0,4.0,54.0,Loyalty
14895.0,3.98974358974359,1817.1300000000003,743,605.7100000000002,247.66666666666663,1,0.42,122.4,122.5,2.0,39.0,Loyalty
15291.0,4.59,1037.9,322,345.9666666666667,107.33333333333331,0,19.8,306.0,122.5,3.0,9.0,Loyalty
17155.0,2.2204545454545457,272.36,361,136.18,180.5,0,1.65,36.48,153.0,2.0,17.0,Loyalty
15768.0,4.287911111111111,2042.3900000000008,785,408.478,157.0,0,0.55,50.85,70.25,5.0,178.0,Loyalty
12835.0,3.5966019417475725,1043.7600000000002,409,173.96,68.16666666666667,2,0.85,39.8,57.2,5.0,65.0,Loyalty
17069.0,1.5721212121212125,494.35000000000014,393,247.17500000000007,196.5,2,8.5,39.0,153.0,1.0,33.0,Loyalty
17581.0,3.3659090909090907,379.35,163,75.87,32.6,3,8.5,49.75,81.66666666666667,4.0,23.0,Loyalty
16168.0,22.775,352.99999999999994,121,117.66666666666669,40.333333333333336,3,15.0,79.95,140.0,2.0,9.0,Loyalty
17287.0,2.345735294117647,484.11,290,121.0275,72.5,0,0.65,33.0,92.0,4.0,52.0,Loyalty
17913.0,2.896891891891892,629.0399999999998,254,209.68,84.66666666666667,0,0.85,41.25,140.5,3.0,57.0,Loyalty
17465.0,2.7286363636363635,400.8700000000001,205,133.62333333333336,68.33333333333333,6,7.5,35.400000000000006,122.5,2.0,22.0,Loyalty
13468.0,4.375957446808511,876.6,382,175.32,76.4,9,6.959999999999999,39.6,70.25,3.0,41.0,Loyalty
13485.0,2.6166666666666667,200.7,98,100.35,49.0,0,10.2,35.400000000000006,153.0,2.0,9.0,Loyalty
15856.0,2.7065,3374.5899999999992,1590,843.6475,397.5,0,6.3,162.72,95.33333333333331,4.0,34.0,Loyalty
14031.0,3.579803921568628,4077.3900000000017,1747,679.5650000000002,291.1666666666667,2,1.95,237.6,56.2,5.0,78.0,Loyalty
17329.0,2.359305555555556,481.32,290,160.44,96.66666666666669,0,0.85,26.25,76.5,3.0,63.0,Loyalty
16736.0,4.2182022471910114,1655.83,639,413.9575,159.75,6,7.5,138.0,93.0,3.0,85.0,Loyalty
14710.0,2.6973684210526314,73.5,36,36.75,18.0,0,0.55,7.5,184.0,2.0,17.0,Loyalty
17679.0,1.923125,451.00000000000017,358,112.75,89.5,6,10.08,53.1,81.66666666666667,2.0,16.0,Loyalty
17851.0,2.872167832167833,1139.1200000000003,589,379.70666666666665,196.3333333333333,0,1.65,64.35,141.5,3.0,110.0,Loyalty
17372.0,3.5127659574468084,492.4,152,164.13333333333335,50.66666666666666,0,1.7,45.0,141.5,3.0,40.0,Loyalty
14286.0,1.35,1575.4000000000003,1631,525.1333333333336,543.6666666666666,56,5.04,79.19999999999999,123.0,1.0,76.0,Loyalty
14564.0,3.737948717948718,955.18,436,477.59,218.0,3,5.04,51.0,183.0,1.0,39.0,Loyalty
13408.0,2.2533333333333334,2462.37,1631,307.79625000000004,203.75,4,10.2,232.0,36.142857142857146,6.0,36.0,Loyalty
13093.0,2.503,1943.47,1035,647.8233333333334,345.0,0,6.959999999999999,237.6,123.0,3.0,19.0,Loyalty
14735.0,2.473076923076923,379.65,187,189.825,93.5,0,7.800000000000001,60.0,122.0,2.0,13.0,Loyalty
15078.0,2.77939393939394,746.0600000000001,438,248.6866666666667,146.0,20,10.2,62.5,127.0,2.0,29.0,Loyalty
13175.0,2.4850000000000003,308.4,196,154.2,98.0,5,9.95,27.0,183.0,1.0,20.0,Loyalty
18223.0,2.879183673469388,1491.65,836,497.2166666666668,278.6666666666667,14,10.2,152.64,124.5,2.0,43.0,Loyalty
14680.0,2.958139534883721,1320.2300000000002,635,440.0766666666668,211.66666666666663,0,0.76,81.6,124.0,3.0,82.0,Loyalty
18092.0,3.0694736842105264,2272.4700000000003,1241,568.1175000000001,310.25,1,67.5,331.20000000000005,85.0,3.0,15.0,Loyalty
13807.0,5.285714285714286,91.0,42,45.5,21.0,1,12.5,18.95,91.0,1.0,8.0,Loyalty
16746.0,1.6218181818181816,1051.12,892,350.3733333333334,297.3333333333333,0,8.5,165.0,125.0,3.0,25.0,Loyalty
17157.0,2.2618181818181817,1661.04,608,332.208,121.6,0,6.72,325.44,62.25,5.0,13.0,Loyalty
15309.0,2.975,272.9,142,136.45,71.0,1,7.800000000000001,17.700000000000003,183.0,1.0,20.0,Loyalty
16710.0,1.9195541401273888,1038.6400000000003,975,346.21333333333337,325.0,0,0.42,42.0,122.5,3.0,135.0,Loyalty
13680.0,2.8109493670886074,2289.150000000001,905,763.0500000000001,301.6666666666667,0,0.42,121.68,123.5,3.0,108.0,Loyalty
17593.0,3.500322580645161,1887.4400000000005,1044,629.1466666666666,348.0,0,9.9,47.6,122.5,3.0,66.0,Loyalty
16451.0,1.8795454545454544,303.9,198,151.95,99.0,3,7.800000000000001,27.0,122.0,1.0,22.0,Loyalty
13733.0,3.3,146.6,60,73.3,30.0,2,10.2,19.9,122.0,1.0,11.0,Loyalty
16351.0,2.294,357.2,244,119.06666666666668,81.33333333333333,4,10.2,19.5,124.5,2.0,24.0,Loyalty
15684.0,4.275,89.6,64,29.866666666666664,21.33333333333333,4,8.95,15.6,123.0,1.0,8.0,Loyalty
17884.0,2.281904761904762,421.8699999999999,327,70.31166666666667,54.5,9,0.42,35.400000000000006,36.6,4.0,76.0,Loyalty
15514.0,1.8238043478260868,1469.6899999999994,1407,489.8966666666668,469.0,0,0.42,155.51999999999998,127.5,3.0,59.0,Loyalty
16593.0,8.361666666666666,258.83,49,86.27666666666666,16.333333333333332,2,10.08,89.55,111.0,2.0,4.0,Loyalty
14239.0,3.5,214.55,93,107.275,46.5,0,5.8,27.0,123.0,2.0,14.0,Loyalty
13958.0,3.83,746.1,388,186.525,97.0,13,7.800000000000001,135.0,74.66666666666667,2.0,26.0,Loyalty
13641.0,1.5364705882352945,687.21,879,171.8025,219.75,9,6.84,47.6,74.33333333333333,3.0,32.0,Loyalty
12359.0,5.3285294117647055,760.6900000000002,397,253.5633333333334,132.33333333333334,212,9.9,99.9,109.0,2.0,34.0,Loyalty
14867.0,6.026666666666667,190.57,55,95.285,27.5,1,13.2,51.0,184.0,1.0,9.0,Loyalty
12417.0,3.561111111111111,287.6,150,143.8,75.0,0,8.5,31.6,122.0,2.0,18.0,Loyalty
17920.0,2.7334594594594592,1959.6000000000008,833,489.8999999999999,208.25,0,0.29,81.36,63.66666666666666,4.0,125.0,Loyalty
16104.0,4.050421052631579,1174.8900000000003,408,391.63,136.0,0,1.45,60.75,92.0,3.0,87.0,Loyalty
17150.0,5.3875,315.65000000000003,99,157.825,49.5,0,1.65,21.9,188.0,2.0,22.0,Loyalty
13448.0,3.245569620253164,1160.09,584,580.0450000000001,292.0,0,1.25,53.64,188.0,2.0,68.0,Loyalty
17085.0,2.336375,536.8399999999999,259,178.94666666666663,86.33333333333333,0,0.65,39.6,95.5,3.0,52.0,Loyalty
15860.0,3.365,295.5999999999999,238,147.79999999999998,119.0,0,0.76,23.8,184.0,2.0,41.0,Loyalty
14608.0,3.258,581.22,194,290.61,97.0,0,9.12,204.0,122.0,2.0,3.0,Loyalty
15983.0,2.4354347826086955,1199.5899999999997,676,399.8633333333333,225.3333333333333,0,0.42,90.0,92.0,3.0,63.0,Loyalty
15751.0,5.583043478260869,560.5399999999998,159,112.108,31.8,3,1.25,45.0,46.0,4.0,38.0,Loyalty
17969.0,5.835192307692308,432.3999999999999,119,86.48,23.8,1,1.25,45.95,48.25,4.0,39.0,Loyalty
13319.0,3.032162162162162,1260.77,548,420.25666666666666,182.66666666666663,0,10.2,81.0,94.0,3.0,36.0,Loyalty
17610.0,2.4026829268292684,804.0099999999998,507,268.0033333333334,169.0,3,1.7,32.45,61.0,2.0,66.0,Loyalty
13890.0,2.9923076923076923,210.70000000000005,88,105.35000000000002,44.0,1,12.6,25.200000000000003,153.0,1.0,13.0,Loyalty
15641.0,1.95734693877551,1089.61,1172,544.8050000000001,586.0,0,7.6,81.12,186.0,2.0,49.0,Loyalty
13019.0,4.05,445.3,130,222.65000000000003,65.0,0,13.5,35.400000000000006,122.0,2.0,19.0,Loyalty
17858.0,4.44,1136.37,427,568.185,213.5,0,5.1,130.8,191.0,2.0,33.0,Loyalty
13491.0,3.368823529411765,801.2799999999999,340,267.0933333333333,113.33333333333331,0,9.9,59.400000000000006,79.0,3.0,28.0,Loyalty
12839.0,1.8284,969.7799999999996,652,323.26,217.3333333333333,0,5.04,59.4,79.5,3.0,39.0,Loyalty
14113.0,2.5445,1008.94,546,144.1342857142857,78.0,7,20.0,130.8,26.33333333333333,4.0,18.0,Loyalty
17739.0,3.781764705882354,811.96,256,405.98,128.0,0,12.6,102.0,158.0,2.0,15.0,Loyalty
16556.0,3.2221621621621623,599.78,319,199.92666666666665,106.33333333333331,3,5.04,30.0,79.5,2.0,37.0,Loyalty
15115.0,2.8485714285714288,187.99,87,93.995,43.5,1,8.5,17.85,163.0,1.0,14.0,Loyalty
13693.0,4.122413793103449,548.65,201,182.88333333333333,67.0,0,11.9,50.85,78.5,3.0,29.0,Loyalty
18077.0,1.5931707317073172,534.7,386,178.23333333333335,128.66666666666666,0,2.52,35.400000000000006,80.5,3.0,27.0,Loyalty
13495.0,2.3485,818.2599999999999,396,272.75333333333333,132.0,1,10.2,106.2,78.5,2.0,16.0,Loyalty
15358.0,1.6522641509433962,826.1200000000005,662,413.06,331.0,0,5.04,60.0,161.0,2.0,49.0,Loyalty
17436.0,2.55,68.85000000000001,27,34.425,13.5,3,15.3,45.9,123.0,1.0,3.0,Loyalty
16684.0,2.375714285714286,2886.32,1664,962.1066666666668,554.6666666666666,0,201.6,705.6,78.0,3.0,7.0,Loyalty
14540.0,3.272368421052632,572.6899999999999,247,190.89666666666665,82.33333333333333,2,0.55,31.8,78.5,2.0,66.0,Loyalty
14307.0,4.1,234.15000000000003,105,117.07500000000002,52.5,1,9.9,30.0,158.0,1.0,14.0,Loyalty
12747.0,6.946000000000001,1000.2000000000002,200,250.05,50.0,4,11.9,135.6,52.333333333333336,3.0,19.0,Loyalty
17988.0,3.064230769230769,190.32,80,63.440000000000005,26.666666666666668,0,0.85,10.75,78.5,3.0,52.0,Loyalty
12600.0,4.188571428571429,379.89,99,189.945,49.5,0,5.04,91.8,154.0,2.0,7.0,Loyalty
13206.0,1.819398907103825,2504.1800000000007,2283,626.045,570.5,0,1.16,81.12,51.66666666666666,3.0,149.0,Loyalty
16353.0,3.81,717.9,178,239.3,59.333333333333336,0,45.9,306.0,78.0,3.0,3.0,Loyalty
14590.0,3.106170212765958,349.66,108,116.55333333333331,36.0,0,0.42,76.5,78.5,3.0,38.0,Loyalty
17364.0,3.0935353535353536,1150.78,497,575.3899999999999,248.5,0,1.45,138.0,155.0,2.0,83.0,Loyalty
16717.0,2.5728000000000004,357.6400000000001,204,119.21333333333337,68.0,13,5.04,26.1,79.0,1.0,26.0,Loyalty
17231.0,2.881818181818182,535.6399999999999,289,178.5466666666667,96.33333333333331,1,0.42,21.25,80.5,2.0,65.0,Loyalty
13267.0,4.339583333333334,622.9399999999999,226,311.47,113.0,0,5.04,59.5,156.0,2.0,23.0,Loyalty
13393.0,3.737692307692307,389.7,161,194.85,80.5,0,0.42,108.0,156.0,2.0,11.0,Loyalty
14136.0,3.5635,291.8299999999999,137,145.91499999999996,68.5,1,10.08,29.700000000000003,61.0,1.0,20.0,Loyalty
15971.0,4.336666666666667,446.28,108,223.14,54.0,0,59.400000000000006,204.0,125.0,2.0,2.0,Loyalty
16029.0,4.842499999999999,5626.84,2572,937.8066666666668,428.6666666666667,4,135.84,2386.8,25.6,5.0,7.0,Loyalty
14290.0,4.106538461538461,843.2300000000002,268,281.0766666666668,89.33333333333333,5,10.08,130.8,66.0,1.0,27.0,Loyalty
17067.0,2.1592307692307693,454.54,322,151.51333333333332,107.33333333333331,0,15.0,76.32000000000001,62.5,3.0,8.0,Loyalty
16560.0,3.695254237288136,898.7900000000001,455,449.395,227.5,0,5.04,31.8,127.0,2.0,53.0,Loyalty
14861.0,3.1041666666666665,201.5,92,100.75,46.0,2,12.5,29.700000000000003,127.0,1.0,12.0,Loyalty
13643.0,4.495,296.85,89,148.425,44.5,1,15.0,59.8,127.0,1.0,10.0,Loyalty
17852.0,1.9708510638297871,380.36,211,190.18,105.5,0,0.42,38.35,125.0,2.0,34.0,Loyalty
17213.0,4.936538461538461,601.3499999999999,176,200.45,58.66666666666666,3,9.9,51.0,65.5,2.0,24.0,Loyalty
15456.0,1.9585,476.05000000000007,618,238.02500000000003,309.0,0,2.1,69.0,130.0,2.0,39.0,Loyalty
15162.0,4.633333333333334,241.5,66,120.75,33.0,8,10.2,65.69999999999999,92.0,1.0,12.0,Loyalty
14085.0,3.841058201058201,1844.710000000001,640,461.1775,160.0,0,0.76,39.8,43.66666666666666,4.0,143.0,Loyalty
17230.0,3.6305797101449273,3540.950000000001,1225,1180.3166666666668,408.3333333333333,0,13.750000000000002,163.2,63.5,3.0,51.0,Loyalty
14063.0,4.35,6701.599999999999,2510,1675.4,627.5,0,10.9,788.4,44.0,4.0,24.0,Loyalty
15823.0,3.571168831168831,3867.170000000001,1773,1933.5850000000005,886.5,0,5.04,106.2,61.0,2.0,154.0,Loyalty
13798.0,2.54,1285.16,1176,428.3866666666667,392.0,0,30.0,204.0,63.5,3.0,19.0,Loyalty
13855.0,3.7488095238095234,809.1000000000003,268,404.55000000000007,134.0,0,8.5,44.55,128.0,2.0,38.0,Loyalty
13557.0,3.079166666666667,413.5,190,206.75,95.0,0,7.800000000000001,35.400000000000006,127.0,2.0,20.0,Loyalty
13455.0,5.065416666666667,431.65,134,215.825,67.0,0,10.2,59.7,101.0,2.0,23.0,Loyalty
13768.0,3.4466666666666668,875.97,373,437.985,186.5,0,11.4,89.10000000000001,92.0,2.0,30.0,Loyalty
14732.0,4.336956521739131,556.15,165,278.07500000000005,82.5,0,7.800000000000001,71.10000000000001,95.0,2.0,22.0,Loyalty
16945.0,2.0941666666666667,610.0100000000001,551,305.005,275.5,0,5.04,165.0,96.0,2.0,24.0,Loyalty
18051.0,1.95,701.0999999999998,510,350.54999999999995,255.0,0,10.2,165.0,100.0,2.0,12.0,Loyalty
12924.0,2.3583333333333334,280.35,159,93.45,53.0,0,1.25,50.400000000000006,46.5,3.0,11.0,Loyalty
15302.0,4.966666666666667,291.04999999999995,101,145.52499999999998,50.5,1,8.95,41.7,96.0,1.0,15.0,Loyalty
17954.0,3.233139534883721,660.5800000000002,354,165.14499999999998,88.5,2,1.26,30.0,31.666666666666668,3.0,83.0,Loyalty
15911.0,2.860178571428571,846.0500000000002,394,282.01666666666665,131.33333333333334,0,0.84,39.6,50.5,3.0,86.0,Loyalty
13141.0,3.1333333333333333,344.55,121,172.275,60.5,2,14.85,81.6,96.0,1.0,12.0,Loyalty
12709.0,3.916842105263158,1442.31,409,721.155,204.5,1,10.08,238.8,96.0,1.0,17.0,Loyalty
17631.0,3.522727272727273,180.85,79,90.425,39.5,0,10.2,30.0,96.0,2.0,10.0,Loyalty
14505.0,2.7618,1380.63,635,690.3150000000002,317.5,0,1.25,39.6,100.0,2.0,134.0,Loyalty
13426.0,1.494705882352941,942.2700000000004,637,471.135,318.5,0,5.04,102.0,95.0,2.0,34.0,Loyalty
15841.0,1.1664285714285714,603.75,811,301.875,405.5,0,13.68,72.96000000000001,69.0,2.0,12.0,Loyalty
14134.0,2.7229166666666664,1745.2400000000002,936,872.62,468.0,0,9.9,165.0,64.0,2.0,20.0,Loyalty
15039.0,3.932448979591837,579.52,161,193.1733333333333,53.66666666666666,0,1.25,66.0,35.0,3.0,37.0,Loyalty
15858.0,3.4057142857142857,256.89000000000004,155,128.44500000000002,77.5,0,0.85,35.7,67.0,2.0,27.0,Loyalty
15889.0,2.6005769230769227,376.7699999999999,206,188.385,103.0,0,0.42,19.95,66.0,2.0,83.0,Loyalty
13173.0,3.1954545454545453,292.80000000000007,108,146.40000000000003,54.0,2,15.0,47.400000000000006,66.0,1.0,11.0,Loyalty
15805.0,5.026923076923077,636.6999999999998,178,318.3499999999999,89.0,4,17.0,204.0,66.0,1.0,13.0,Loyalty
16985.0,4.685483870967742,961.55,255,480.7750000000001,127.5,0,2.5,98.1,63.0,2.0,31.0,Loyalty
13831.0,4.710714285714286,1242.4600000000005,492,621.23,246.0,0,2.95,166.5,65.0,2.0,19.0,Loyalty
16670.0,3.2937777777777777,672.2099999999999,329,336.105,164.5,2,5.04,27.0,66.0,1.0,45.0,Loyalty
17675.0,2.5744444444444445,1111.1700000000003,475,277.7925,118.75,1,15.0,98.1,23.33333333333333,3.0,13.0,Loyalty
13542.0,6.4036,420.91,71,210.455,35.5,0,5.95,40.5,69.0,2.0,18.0,Loyalty
14702.0,3.582710280373832,1013.5000000000006,474,506.75,237.0,0,0.85,39.9,66.0,2.0,86.0,Loyalty
17677.0,3.7317241379310335,1005.2499999999998,550,201.05,110.0,18,10.2,165.0,1.0,4.0,29.0,Loyalty
18102.0,2.979090909090909,41005.73999999999,14084,4556.193333333333,1564.888888888889,0,27.44,1800.0,43.0,9.0,51.0,Wholesaler
15311.0,3.476006389776358,9293.389999999994,3738,546.6700000000001,219.8823529411765,13,0.55,306.0,21.5,14.0,206.0,Wholesaler
14911.0,5.252988047808765,6178.1900000000005,2292,441.29928571428576,163.71428571428572,46,5.04,137.7,26.307692307692307,8.0,195.0,Wholesaler
15061.0,2.1748051948051947,14312.54,8234,1590.2822222222223,914.8888888888888,0,10.0,1260.0,42.25,9.0,42.0,Wholesaler
14156.0,3.969156626506024,11024.719999999998,6272,1102.4720000000002,627.2,4,5.04,734.4,38.11111111111112,7.0,198.0,Wholesaler
17961.0,2.3388439306358384,743.3300000000002,542,61.94416666666667,45.16666666666666,0,0.38,29.5,31.363636363636363,12.0,159.0,Wholesaler
17243.0,3.931863354037267,4128.440000000001,1427,458.7155555555556,158.55555555555554,0,0.95,153.0,42.75,9.0,93.0,Wholesaler
17949.0,1.6489999999999998,2408.0999999999995,1580,218.91818181818184,143.63636363636363,2106,208.8,900.0,34.0,10.0,8.0,Wholesaler
14527.0,5.576179775280899,5639.329999999997,1131,704.9162500000001,141.375,1,1.1,119.85,44.142857142857146,7.0,162.0,Wholesaler
15581.0,2.355,680.6600000000001,615,61.87818181818181,55.90909090909091,47,0.21,40.32,31.3,9.0,154.0,Wholesaler
12471.0,2.784786324786325,2806.67,1380,233.88916666666668,115.0,37,5.04,89.10000000000001,28.363636363636363,7.0,53.0,Wholesaler
17841.0,3.400763500931099,2839.009999999996,1195,315.4455555555555,132.77777777777777,1,0.19,79.9,38.875,8.0,310.0,Wholesaler
14606.0,3.013961038961039,1398.0300000000016,538,107.5407692307692,41.38461538461539,8,0.21,29.700000000000003,23.666666666666668,8.0,206.0,Wholesaler
16779.0,2.0666666666666664,6742.4,3935,1123.7333333333336,655.8333333333334,0,0.85,306.0,56.6,6.0,101.0,Wholesaler
13694.0,1.1016981132075472,20427.91,26751,1702.3258333333326,2229.25,0,12.16,625.0,23.181818181818183,12.0,154.0,Wholesaler
12748.0,2.768139534883721,1851.5100000000004,811,264.50142857142856,115.85714285714286,0,0.21,590.0,42.16666666666666,7.0,76.0,Wholesaler
17850.0,4.107451737451737,7411.139999999996,2158,494.076,143.86666666666667,0,12.6,122.4,4.357142857142857,15.0,18.0,Wholesaler
13635.0,2.2495000000000003,797.1500000000001,477,398.5750000000001,238.5,0,5.04,60.0,337.0,2.0,38.0,Rarely
14110.0,2.24,676.5000000000002,296,338.25,148.0,0,6.6000000000000005,100.8,339.0,2.0,13.0,Rarely
13758.0,3.264375,1866.9400000000005,746,933.47,373.0,0,6.84,107.4,337.0,2.0,41.0,Rarely
15998.0,2.8514906832298137,1063.2399999999998,561,531.6199999999999,280.5,0,1.25,40.5,304.0,2.0,146.0,Rarely
14871.0,4.429310344827586,319.6499999999999,99,159.825,49.5,0,0.95,39.0,337.0,2.0,24.0,Rarely
13394.0,2.3485,279.03,351,139.515,175.5,2,5.04,25.5,339.0,1.0,20.0,Rarely
14040.0,3.692739726027397,1071.2900000000004,442,535.6450000000002,221.0,0,0.85,76.32000000000001,339.0,2.0,71.0,Rarely
15719.0,2.993296703296703,674.17,315,337.0849999999999,157.5,0,0.85,30.0,273.0,2.0,72.0,Rarely
15380.0,2.48625,441.62,206,220.81,103.0,0,15.6,118.8,273.0,2.0,6.0,Rarely
16150.0,3.0,341.90000000000003,140,170.95,70.0,2,12.6,163.2,339.0,1.0,14.0,Rarely
14558.0,6.95,290.55,105,145.275,52.5,2,15.3,51.0,212.0,1.0,10.0,Rarely
15808.0,3.557384615384615,1918.07,644,959.035,322.0,0,0.85,122.04,337.0,2.0,53.0,Rarely
14061.0,8.746666666666666,553.43,81,276.71500000000003,40.5,0,7.8,101.88,337.0,2.0,17.0,Rarely
14108.0,2.288888888888889,447.05000000000007,279,223.525,139.5,0,13.8,66.60000000000001,212.0,2.0,18.0,Rarely
16701.0,3.143125,722.08,410,361.04,205.0,0,13.44,81.6,339.0,2.0,16.0,Rarely
15602.0,1.67,243.35,261,121.675,130.5,5,5.04,40.5,308.0,1.0,19.0,Rarely
14560.0,3.535,679.2200000000001,566,339.61,283.0,0,10.2,90.0,311.0,2.0,16.0,Rarely
14894.0,5.75,293.35,53,146.675,26.5,1,38.1,130.8,307.0,1.0,3.0,Rarely
17511.0,3.329489795918368,8367.809999999996,4999,4183.905000000001,2499.5,0,10.08,714.0,305.0,2.0,86.0,Rarely
14299.0,2.5440540540540537,2808.27,1720,1404.135,860.0,0,10.2,244.08,311.0,2.0,32.0,Rarely
16550.0,2.615072463768116,1070.07,505,535.035,252.5,0,2.1,130.8,306.0,2.0,60.0,Rarely
14425.0,3.233846153846154,422.2900000000001,235,211.145,117.5,0,12.6,25.5,308.0,2.0,24.0,Rarely
17189.0,2.0802702702702702,444.6700000000001,295,222.33500000000004,147.5,0,2.1,40.23,307.0,2.0,36.0,Rarely
17476.0,4.543125,242.46,122,121.23,61.0,2,7.5,25.5,308.0,1.0,16.0,Rarely
15680.0,1.4410526315789474,293.8,262,146.9,131.0,6,2.88,35.400000000000006,242.0,1.0,19.0,Rarely
12948.0,1.6422222222222222,252.48,224,126.24,112.0,0,12.5,49.5,212.0,2.0,7.0,Rarely
14667.0,2.769302325581396,750.3199999999998,448,375.1600000000001,224.0,0,1.68,64.5,307.0,2.0,41.0,Rarely
16711.0,4.11,665.64,228,332.82,114.0,0,90.0,325.44,305.0,2.0,4.0,Rarely
14739.0,1.8695652173913044,1253.3099999999995,1005,626.655,502.5,0,9.12,102.0,273.0,2.0,20.0,Rarely
17867.0,5.185294117647059,110.55000000000004,33,55.275,16.5,0,1.45,45.95,314.0,2.0,16.0,Rarely
17809.0,5.116666666666666,761.7,154,380.85,77.0,0,13.5,392.4,306.0,2.0,6.0,Rarely
14080.0,6.419756097560975,414.6499999999999,120,207.325,60.0,0,1.25,45.95,212.0,2.0,38.0,Rarely
16156.0,3.195,402.1,138,201.05,69.0,0,15.0,102.0,273.0,2.0,9.0,Rarely
13611.0,2.2295000000000003,320.63000000000005,221,160.31500000000003,110.5,6,5.04,33.0,280.0,1.0,20.0,Rarely
17209.0,4.0,373.2000000000001,610,186.6,305.0,0,8.850000000000001,277.20000000000005,245.0,2.0,5.0,Rarely
14051.0,3.682,1073.39,351,536.6949999999999,175.5,0,7.95,130.8,280.0,2.0,15.0,Rarely
17411.0,2.8421052631578947,309.0,138,154.5,69.0,12,8.5,54.0,285.0,1.0,19.0,Rarely
15179.0,4.391111111111111,758.3999999999999,338,379.19999999999993,169.0,1,5.04,80.55,245.0,1.0,27.0,Rarely
17017.0,2.421428571428572,247.8,180,123.9,90.0,6,10.2,79.19999999999999,245.0,1.0,8.0,Rarely
16139.0,2.7792307692307694,475.74,272,237.87000000000003,136.0,0,5.04,35.7,280.0,2.0,23.0,Rarely
17293.0,2.6933333333333334,405.04,200,202.52,100.0,0,0.95,60.0,245.0,2.0,16.0,Rarely
15550.0,2.166,386.15,243,193.075,121.5,0,5.1,46.8,277.0,2.0,19.0,Rarely
14952.0,2.225,590.1,342,295.05,171.0,0,8.5,132.0,279.0,2.0,12.0,Rarely
12937.0,2.017142857142857,314.57,219,157.285,109.5,0,1.25,81.6,280.0,2.0,27.0,Rarely
14898.0,3.0665,668.6600000000002,452,334.33,226.0,0,0.85,38.25,276.0,2.0,55.0,Rarely
17576.0,2.869230769230769,555.7499999999999,329,277.875,164.5,0,1.25,40.5,280.0,2.0,43.0,Rarely
13037.0,2.634,291.94,157,145.97,78.5,4,6.8,30.0,280.0,1.0,20.0,Rarely
18168.0,2.6906,598.0100000000001,369,299.005,184.5,0,1.25,45.0,278.0,2.0,48.0,Rarely
16335.0,3.7606,800.8400000000001,266,400.42,133.0,0,1.25,43.0,245.0,2.0,85.0,Rarely
14961.0,3.143653846153846,2608.47,1356,1304.235,678.0,0,6.72,145.0,246.0,2.0,92.0,Rarely
18061.0,2.803333333333333,567.3599999999999,354,283.68,177.0,0,7.95,126.0,249.0,2.0,10.0,Rarely
16891.0,2.8698275862068967,448.3399999999998,231,224.17,115.5,0,0.06,17.700000000000003,248.0,2.0,97.0,Rarely
16325.0,2.177619047619048,345.54,232,172.77,116.0,0,9.95,35.400000000000006,245.0,2.0,21.0,Rarely
13162.0,3.7188461538461537,1585.6099999999997,529,792.8050000000001,264.5,0,15.0,145.0,247.0,2.0,26.0,Rarely
18071.0,3.116,407.55,233,203.775,116.5,0,10.2,27.0,220.0,2.0,20.0,Rarely
13999.0,3.0902941176470584,707.55,415,353.775,207.5,0,5.8,76.19999999999999,218.0,2.0,31.0,Rarely
15420.0,2.02625,229.62,280,114.81,140.0,0,6.3,22.95,216.0,2.0,15.0,Rarely
16158.0,3.3400000000000003,204.52,100,102.26,50.0,0,8.5,35.400000000000006,217.0,2.0,13.0,Rarely
15362.0,3.6282608695652177,310.75,145,310.75,145.0,0,7.800000000000001,17.9,0.0,1.0,23.0,One Time
17519.0,2.477894736842105,308.44,280,308.44,280.0,0,10.2,30.0,0.0,1.0,19.0,One Time
16167.0,3.571333333333333,485.7900000000001,977,485.7900000000001,977.0,0,13.2,120.96,0.0,1.0,15.0,One Time
15712.0,4.335,255.5,64,255.5,64.0,0,14.85,59.5,0.0,1.0,10.0,One Time
16329.0,2.285263157894737,282.46000000000004,138,282.46000000000004,138.0,0,0.65,45.0,0.0,1.0,28.0,One Time
17700.0,3.845789473684211,696.7300000000002,247,696.7300000000002,247.0,0,7.800000000000001,81.6,0.0,1.0,38.0,One Time
17984.0,2.382,229.46,212,229.46,212.0,0,0.42,16.95,0.0,1.0,45.0,One Time
16393.0,1.854923076923077,367.41,216,367.41,216.0,0,0.42,10.9,0.0,1.0,107.0,One Time
17804.0,2.100625,124.95,92,124.95,92.0,0,1.25,19.8,0.0,1.0,32.0,One Time
17063.0,2.5316,278.6099999999999,129,278.6099999999999,129.0,0,1.25,39.6,0.0,1.0,25.0,One Time
12490.0,2.133,531.94,438,531.94,438.0,0,8.5,138.24,0.0,1.0,20.0,One Time
15793.0,3.6625,291.58000000000004,154,291.58000000000004,154.0,0,35.7,108.16,0.0,1.0,4.0,One Time
17056.0,4.125,128.60000000000002,26,128.60000000000002,26.0,0,1.25,83.4,0.0,1.0,8.0,One Time
13526.0,1.0329545454545457,942.6,1647,235.65,411.75,264,0.95,244.8,0.0,2.0,29.0,One Time
14654.0,1.3277777777777775,246.86,273,246.86,273.0,0,0.95,27.6,0.0,1.0,27.0,One Time
17998.0,4.255800000000001,319.18999999999994,290,159.595,145.0,0,0.42,45.95,31.0,2.0,49.0,One Time
17742.0,8.64375,218.55,35,218.55,35.0,0,15.6,51.0,0.0,1.0,8.0,One Time
14478.0,3.0083333333333333,282.28,312,282.28,312.0,0,0.95,45.0,0.0,1.0,18.0,One Time
15967.0,3.3286666666666664,134.31000000000003,46,67.15499999999999,23.0,4,0.21,25.5,0.0,1.0,32.0,One Time
17611.0,2.866144578313253,507.48999999999967,273,507.48999999999967,273.0,0,0.95,17.85,0.0,1.0,83.0,One Time
15051.0,2.8940625,580.02,306,580.02,306.0,0,1.25,48.65,0.0,1.0,32.0,One Time
13590.0,2.9350000000000005,367.2799999999999,300,367.2799999999999,300.0,0,7.95,22.5,0.0,1.0,22.0,One Time
16887.0,2.488235294117647,219.82,177,219.82,177.0,0,0.95,13.41,0.0,1.0,34.0,One Time
15945.0,2.002,124.83,137,124.83,137.0,0,0.42,55.8,0.0,1.0,10.0,One Time
15662.0,2.545,105.85,67,105.85,67.0,0,17.85,40.56,0.0,1.0,4.0,One Time
13110.0,5.238518518518519,362.78,87,362.78,87.0,0,1.65,45.0,0.0,1.0,27.0,One Time
12836.0,6.691333333333334,423.87,95,423.87,95.0,0,0.85,43.0,0.0,1.0,29.0,One Time
16620.0,2.1016,822.37,575,822.37,575.0,0,5.04,39.0,0.0,1.0,50.0,One Time
12758.0,2.642405063291139,2454.68,1403,2454.68,1403.0,0,10.08,145.0,0.0,1.0,79.0,One Time
13585.0,12.75,12.75,1,12.75,1.0,0,12.75,12.75,0.0,1.0,1.0,One Time
13442.0,7.49375,198.0,42,198.0,42.0,0,1.95,45.95,0.0,1.0,16.0,One Time
13381.0,1.45,17.4,12,17.4,12.0,0,17.4,17.4,0.0,1.0,1.0,One Time
16763.0,3.092857142857143,352.85,173,352.85,173.0,0,10.2,31.8,0.0,1.0,21.0,One Time
14865.0,0.65,31.200000000000003,48,31.200000000000003,48.0,0,31.200000000000003,31.200000000000003,0.0,1.0,1.0,One Time
17345.0,1.9529629629629628,329.91,600,329.91,600.0,0,0.28,61.2,0.0,1.0,26.0,One Time
17191.0,3.52125,261.74,97,261.74,97.0,0,0.55,20.25,0.0,1.0,32.0,One Time
13748.0,2.0785714285714287,173.10000000000002,90,173.10000000000002,90.0,0,12.6,39.0,0.0,1.0,7.0,One Time
15265.0,2.837058823529412,294.14,146,294.14,146.0,0,13.5,22.95,0.0,1.0,17.0,One Time
15485.0,4.857272727272727,901.84,274,450.92,137.0,0,5.04,95.25,0.0,2.0,22.0,One Time
17246.0,1.7425000000000002,23.48,34,23.48,34.0,0,2.95,10.08,0.0,1.0,4.0,One Time
13648.0,2.156,263.09000000000003,203,263.09000000000003,203.0,0,10.2,35.400000000000006,0.0,1.0,15.0,One Time
16563.0,2.303,538.46,221,538.46,221.0,0,10.5,94.4,0.0,1.0,10.0,One Time
12842.0,2.1166666666666667,397.2000000000001,168,397.2000000000001,168.0,0,20.4,306.0,0.0,1.0,3.0,One Time
14302.0,5.7,114.6,28,114.6,28.0,0,31.8,82.80000000000001,0.0,1.0,2.0,One Time
14000.0,4.0,192.0,48,192.0,48.0,0,90.0,102.0,0.0,1.0,2.0,One Time
16823.0,2.4305,189.3,113,189.3,113.0,0,0.42,48.45,0.0,1.0,20.0,One Time
17193.0,1.25,45.0,36,45.0,36.0,0,45.0,45.0,0.0,1.0,1.0,One Time
15759.0,3.515,125.73,303,125.73,303.0,0,17.700000000000003,60.48,0.0,1.0,4.0,One Time
17019.0,1.5675,215.16000000000005,197,107.58,98.5,2,0.42,40.8,0.0,1.0,39.0,One Time
17087.0,3.203333333333333,221.53,113,221.53,113.0,0,10.0,33.0,0.0,1.0,12.0,One Time
15353.0,4.058292682926829,263.69000000000005,89,131.84500000000006,44.5,2,1.25,21.9,0.0,1.0,38.0,One Time
16700.0,2.560769230769231,418.7,242,209.35,121.0,0,6.8,39.0,0.0,2.0,26.0,One Time
14799.0,3.415,180.45,349,180.45,349.0,0,3.75,30.0,0.0,1.0,10.0,One Time
12980.0,14.75,754.2,84,754.2,84.0,0,167.4,419.4,0.0,1.0,3.0,One Time
17818.0,1.8795652173913044,130.17999999999998,90,130.17999999999998,90.0,0,0.55,10.5,0.0,1.0,42.0,One Time
13623.0,3.315072463768116,634.0899999999998,241,317.0449999999999,120.5,1,0.42,108.16,0.0,1.0,62.0,One Time
13654.0,1.9075,159.98,90,159.98,90.0,0,13.52,35.400000000000006,0.0,1.0,8.0,One Time
14653.0,3.1100000000000003,333.67,250,333.67,250.0,0,0.58,153.0,0.0,1.0,19.0,One Time
15542.0,2.8746043165467627,540.73,217,270.3649999999999,108.5,0,0.29,29.9,0.0,2.0,119.0,One Time
16467.0,1.47,131.12,88,131.12,88.0,0,50.0,81.12,0.0,1.0,2.0,One Time
15833.0,3.87,80.4,24,80.4,24.0,0,12.6,19.5,0.0,1.0,5.0,One Time
15287.0,1.4675,58.2,55,58.2,55.0,0,10.2,19.8,0.0,1.0,4.0,One Time
14440.0,3.2830769230769232,935.0100000000002,287,935.0100000000002,287.0,0,23.6,196.2,0.0,1.0,13.0,One Time
13740.0,4.536,311.69,97,311.69,97.0,0,5.04,19.8,0.0,1.0,19.0,One Time
17768.0,1.70625,408.07,532,408.07,532.0,0,1.7,42.5,0.0,1.0,31.0,One Time
14467.0,1.4405882352941175,109.84,82,109.84,82.0,0,1.65,23.6,0.0,1.0,17.0,One Time
13457.0,1.6416666666666666,110.85,67,55.425,33.5,1,9.9,46.8,28.0,1.0,6.0,One Time
18108.0,4.2615384615384615,493.2500000000001,165,493.2500000000001,165.0,0,6.2,31.8,0.0,1.0,26.0,One Time
14669.0,2.8843820224719097,824.1800000000004,506,824.1800000000004,506.0,0,2.5,29.700000000000003,0.0,1.0,84.0,One Time
17909.0,5.338888888888889,132.55,41,132.55,41.0,0,0.95,22.5,0.0,1.0,8.0,One Time
16086.0,2.761111111111111,284.54999999999995,258,284.54999999999995,258.0,0,0.95,20.4,0.0,1.0,27.0,One Time
16233.0,3.4,294.3,102,294.3,102.0,0,10.2,87.6,0.0,1.0,14.0,One Time
14204.0,3.377037037037037,371.27,103,371.27,103.0,0,0.85,102.0,0.0,1.0,54.0,One Time
17606.0,2.216666666666667,87.30000000000001,42,87.30000000000001,42.0,0,11.7,17.700000000000003,0.0,1.0,6.0,One Time
16797.0,1.9945454545454544,176.87999999999997,127,176.87999999999997,127.0,0,0.19,15.0,0.0,1.0,44.0,One Time
16126.0,5.0200000000000005,174.1,94,174.1,94.0,0,10.2,30.0,0.0,1.0,10.0,One Time
12435.0,2.1,1008.0,480,1008.0,480.0,0,1008.0,1008.0,0.0,1.0,1.0,One Time
14549.0,2.606181818181818,316.22,122,316.22,122.0,0,0.84,34.0,0.0,1.0,54.0,One Time
14106.0,8.95,214.8,24,214.8,24.0,0,214.8,214.8,0.0,1.0,1.0,One Time
14980.0,3.4875000000000003,150.68,79,150.68,79.0,0,0.95,23.6,0.0,1.0,24.0,One Time
14396.0,2.6182978723404258,514.97,274,514.97,274.0,0,1.45,29.5,0.0,1.0,43.0,One Time
15794.0,3.3766666666666665,777.0,288,388.5,144.0,0,7.95,130.8,28.0,2.0,15.0,One Time
18001.0,2.72,176.6,144,176.6,144.0,0,1.25,22.5,0.0,1.0,12.0,One Time
15989.0,2.9631578947368418,143.11000000000004,56,143.11000000000004,56.0,0,1.25,13.41,0.0,1.0,36.0,One Time
17660.0,2.416818181818182,163.46999999999997,138,163.46999999999997,138.0,0,0.42,14.85,0.0,1.0,42.0,One Time
13313.0,2.3656521739130434,383.8899999999999,571,191.945,285.5,0,3.61,30.0,0.0,2.0,23.0,One Time
15482.0,2.9914285714285715,325.08000000000004,432,162.54000000000002,216.0,0,20.88,144.0,28.0,2.0,7.0,One Time
17716.0,1.5685185185185186,520.1999999999999,396,520.1999999999999,396.0,0,10.2,53.1,0.0,1.0,27.0,One Time
12779.0,1.8263636363636364,371.8200000000001,266,371.8200000000001,266.0,0,7.800000000000001,35.76,0.0,1.0,22.0,One Time
15255.0,1.976153846153846,260.44,176,260.44,176.0,0,10.2,52.8,0.0,1.0,13.0,One Time
14771.0,1.2421052631578948,287.37,253,287.37,253.0,0,1.92,30.0,0.0,1.0,19.0,One Time
14838.0,6.2,119.1,18,119.1,18.0,0,9.9,83.4,0.0,1.0,4.0,One Time
13979.0,4.17076923076923,203.78,150,203.78,150.0,0,9.95,20.28,0.0,1.0,13.0,One Time
13800.0,2.4457894736842105,478.69999999999993,242,478.69999999999993,242.0,0,7.5,100.8,0.0,1.0,19.0,One Time
14483.0,1.25,120.0,96,120.0,96.0,0,30.0,30.0,0.0,1.0,4.0,One Time
14915.0,2.712727272727273,202.06,104,202.06,104.0,0,7.5,25.200000000000003,0.0,1.0,11.0,One Time
13753.0,2.104375,642.2,428,642.2,428.0,0,10.2,86.39999999999999,0.0,1.0,16.0,One Time
16301.0,3.3233333333333337,107.33,41,107.33,41.0,0,12.75,29.700000000000003,0.0,1.0,6.0,One Time
17035.0,1.45,54.6,36,54.6,36.0,0,15.0,39.6,0.0,1.0,2.0,One Time
14347.0,2.733333333333333,82.60000000000001,48,82.60000000000001,48.0,0,8.5,17.700000000000003,0.0,1.0,6.0,One Time
12934.0,41.67,181.65,31,181.65,31.0,0,79.95,101.7,0.0,1.0,2.0,One Time
15658.0,4.794117647058823,321.65000000000003,93,321.65000000000003,93.0,0,11.9,35.400000000000006,0.0,1.0,17.0,One Time
17314.0,2.65,154.20000000000002,72,154.20000000000002,72.0,0,10.2,44.55,0.0,1.0,7.0,One Time
15965.0,1.38,169.5,94,169.5,94.0,0,6.3,163.2,0.0,1.0,2.0,One Time
17322.0,1.2846428571428572,114.55,115,114.55,115.0,0,0.84,13.75,0.0,1.0,28.0,One Time
16159.0,3.695,317.54999999999995,163,317.54999999999995,163.0,0,13.2,67.05,0.0,1.0,12.0,One Time
13993.0,4.24,556.75,203,556.75,203.0,0,9.9,61.2,0.0,1.0,25.0,One Time
16918.0,2.018372093023256,221.69000000000003,138,221.69000000000003,138.0,0,0.84,19.8,0.0,1.0,43.0,One Time
15466.0,2.539032258064516,744.2099999999999,407,744.2099999999999,407.0,0,0.85,35.400000000000006,0.0,1.0,91.0,One Time
14159.0,1.931919191919192,393.6499999999999,267,393.6499999999999,267.0,0,0.85,29.5,0.0,1.0,97.0,One Time
17940.0,0.25,4380.0,17520,4380.0,17520.0,0,1002.0,1296.0,0.0,1.0,4.0,One Time
13416.0,3.3500000000000005,228.3,66,228.3,66.0,0,17.700000000000003,47.400000000000006,0.0,1.0,7.0,One Time
13895.0,4.753809523809524,831.0000000000002,408,831.0000000000002,408.0,0,5.04,34.0,0.0,1.0,42.0,One Time
14057.0,2.9523529411764704,119.54,101,119.54,101.0,0,0.85,29.5,0.0,1.0,17.0,One Time
13208.0,2.465625,61.120000000000005,56,61.120000000000005,56.0,0,1.25,7.649999999999999,0.0,1.0,16.0,One Time
17271.0,2.76076923076923,210.39,117,210.39,117.0,0,0.29,12.6,0.0,1.0,46.0,One Time
15953.0,1.7514285714285711,372.2,212,372.2,212.0,0,10.08,244.8,0.0,1.0,7.0,One Time
14967.0,2.16,236.25,68,236.25,68.0,0,1.65,204.0,0.0,1.0,5.0,One Time
16497.0,6.044736842105263,294.85,111,294.85,111.0,0,9.95,30.0,0.0,1.0,19.0,One Time
17764.0,3.1300000000000003,194.65,71,194.65,71.0,0,1.25,20.700000000000003,0.0,1.0,29.0,One Time
14905.0,1.9730769230769232,258.1,172,258.1,172.0,0,5.85,81.6,0.0,1.0,13.0,One Time
18229.0,4.550000000000001,381.0,84,381.0,84.0,0,55.8,167.4,0.0,1.0,4.0,One Time
13001.0,2.707951807228916,864.9800000000001,402,432.49,201.0,1,0.42,35.400000000000006,0.0,1.0,83.0,One Time
17853.0,4.785172413793104,584.3499999999999,159,584.3499999999999,159.0,0,2.5,76.5,0.0,1.0,28.0,One Time
13531.0,3.7233333333333336,311.70000000000005,126,311.70000000000005,126.0,0,12.6,39.0,0.0,1.0,15.0,One Time
13786.0,3.029,723.09,323,723.09,323.0,0,10.2,76.5,0.0,1.0,20.0,One Time
16612.0,2.232173913043478,510.87,297,510.87,297.0,0,10.2,45.9,0.0,1.0,23.0,One Time
12949.0,3.0971875,1794.7000000000005,896,1794.7000000000005,896.0,0,5.04,59.400000000000006,0.0,1.0,64.0,One Time
14958.0,4.836666666666667,186.36,54,186.36,54.0,0,7.5,35.400000000000006,0.0,1.0,12.0,One Time
14644.0,3.940909090909091,338.50000000000006,150,338.50000000000006,150.0,0,13.2,99.5,0.0,1.0,11.0,One Time
14662.0,3.76875,110.7,30,110.7,30.0,0,9.9,34.0,0.0,1.0,8.0,One Time
17414.0,0.51,239.68,444,239.68,444.0,0,6.4,115.2,0.0,1.0,5.0,One Time
14755.0,4.863181818181818,445.15,217,222.575,108.5,0,9.95,53.1,0.0,2.0,22.0,One Time
14750.0,2.634375,112.03000000000002,65,112.03000000000002,65.0,0,0.65,10.5,0.0,1.0,32.0,One Time
16791.0,4.002954545454545,319.86999999999995,107,319.86999999999995,107.0,0,0.42,19.8,0.0,1.0,43.0,One Time
16558.0,3.516666666666667,297.05,109,297.05,109.0,0,6.6000000000000005,106.2,0.0,1.0,9.0,One Time
15884.0,1.9542857142857144,241.8,156,241.8,156.0,0,1.25,141.60000000000002,0.0,1.0,13.0,One Time
17343.0,2.6425,197.3,89,197.3,89.0,0,0.42,39.6,0.0,1.0,12.0,One Time
16003.0,4.285555555555556,387.87,127,387.87,127.0,0,10.2,65.69999999999999,0.0,1.0,18.0,One Time
17432.0,2.95,174.85,71,174.85,71.0,0,0.85,9.9,0.0,1.0,39.0,One Time
14713.0,1.8342857142857143,160.68999999999997,104,160.68999999999997,104.0,0,3.3000000000000003,35.400000000000006,0.0,1.0,21.0,One Time
16722.0,3.09,339.78,198,339.78,198.0,0,7.56,91.44,0.0,1.0,14.0,One Time
12577.0,3.5307692307692307,210.55,79,210.55,79.0,0,3.95,30.0,0.0,1.0,13.0,One Time
12872.0,2.150930232558139,407.2199999999999,227,407.2199999999999,227.0,0,0.85,64.9,0.0,1.0,42.0,One Time
15755.0,2.6305555555555555,308.75,158,308.75,158.0,0,10.2,30.0,0.0,1.0,18.0,One Time
14258.0,4.721428571428571,1261.0,356,1261.0,356.0,0,13.2,297.0,0.0,1.0,14.0,One Time
13154.0,3.341666666666667,337.1,152,337.1,152.0,0,8.5,35.400000000000006,0.0,1.0,18.0,One Time
16645.0,2.381428571428572,160.39,117,160.39,117.0,0,5.04,19.05,0.0,1.0,14.0,One Time
12714.0,4.96,556.6500000000001,231,556.6500000000001,231.0,0,10.2,59.400000000000006,0.0,1.0,28.0,One Time
12759.0,2.8342857142857145,454.2600000000001,278,454.2600000000001,278.0,0,13.2,46.8,0.0,1.0,21.0,One Time
13666.0,9.75,19.5,2,19.5,2.0,0,6.75,12.75,0.0,1.0,2.0,One Time
17160.0,1.704406779661017,825.9400000000002,653,825.9400000000002,653.0,0,6.6000000000000005,30.0,0.0,1.0,59.0,One Time
13946.0,1.771923076923077,280.2,206,280.2,206.0,0,1.25,66.0,0.0,1.0,26.0,One Time
14723.0,1.9511764705882355,141.63000000000002,115,141.63000000000002,115.0,0,3.75,19.5,0.0,1.0,17.0,One Time
17389.0,2.154,908.04,484,908.04,484.0,0,40.32,306.0,0.0,1.0,5.0,One Time
16883.0,3.6233333333333335,108.95,41,108.95,41.0,0,2.98,14.85,0.0,1.0,12.0,One Time
17076.0,1.3966666666666665,67.67999999999999,48,67.67999999999999,48.0,0,15.0,34.8,0.0,1.0,3.0,One Time
13948.0,4.078571428571428,155.64999999999998,63,155.64999999999998,63.0,0,12.5,39.8,0.0,1.0,7.0,One Time
16192.0,2.083636363636364,351.3,208,351.3,208.0,0,10.2,102.0,0.0,1.0,11.0,One Time
15999.0,0.85,20.4,24,20.4,24.0,0,20.4,20.4,0.0,1.0,1.0,One Time
15109.0,5.05,231.2,50,231.2,50.0,0,15.0,51.0,0.0,1.0,8.0,One Time
13481.0,3.24125,311.20000000000005,148,311.20000000000005,148.0,0,6.3,39.8,0.0,1.0,16.0,One Time
14979.0,2.9933962264150944,439.4599999999999,213,439.4599999999999,213.0,0,0.95,34.65,0.0,1.0,42.0,One Time
16656.0,3.231428571428572,373.74,210,373.74,210.0,0,17.700000000000003,68.39999999999999,0.0,1.0,7.0,One Time
16541.0,3.6868421052631577,424.0299999999999,173,424.0299999999999,173.0,0,0.42,47.6,0.0,1.0,38.0,One Time
16723.0,3.441935483870968,460.5500000000001,157,460.5500000000001,157.0,0,0.42,29.75,0.0,1.0,50.0,One Time
16699.0,1.6414285714285717,137.39999999999998,130,137.39999999999998,130.0,0,0.65,39.6,0.0,1.0,14.0,One Time
12510.0,2.251875,323.88,500,323.88,500.0,0,8.64,40.8,0.0,1.0,16.0,One Time
15382.0,2.75175,1523.2000000000005,954,1523.2000000000005,954.0,0,7.800000000000001,130.8,0.0,1.0,40.0,One Time
12970.0,1.850752688172043,259.5799999999998,187,259.5799999999998,187.0,0,0.42,15.0,0.0,1.0,69.0,One Time
17935.0,2.492857142857143,106.25,55,106.25,55.0,0,5.0,19.5,0.0,1.0,7.0,One Time
17151.0,5.575,231.9,42,231.9,42.0,0,35.7,65.4,0.0,1.0,4.0,One Time
17127.0,3.333333333333333,137.95,49,137.95,49.0,0,10.2,31.6,0.0,1.0,6.0,One Time
14087.0,1.8735384615384616,206.69,177,103.345,88.5,24,0.21,30.0,0.0,1.0,64.0,One Time
18181.0,2.7833898305084745,298.99,115,298.99,115.0,0,0.42,27.9,0.0,1.0,58.0,One Time
13174.0,3.472127659574468,630.39,363,630.39,363.0,0,0.95,63.6,0.0,1.0,47.0,One Time
13329.0,1.888421052631579,334.65,270,334.65,270.0,0,6.3,39.6,0.0,1.0,19.0,One Time
17421.0,1.3625,130.8,96,130.8,96.0,0,20.4,50.400000000000006,0.0,1.0,4.0,One Time
18225.0,5.95,49.45,7,24.725,3.5,3,59.5,59.5,0.0,1.0,3.0,One Time
13679.0,3.526190476190476,126.80000000000004,34,126.80000000000004,34.0,0,0.85,23.8,0.0,1.0,21.0,One Time
13199.0,0.72,138.24,192,138.24,192.0,0,138.24,138.24,0.0,1.0,1.0,One Time
13487.0,6.033333333333334,103.95,25,103.95,25.0,0,7.95,27.0,0.0,1.0,6.0,One Time
17018.0,2.93,351.6,120,351.6,120.0,0,20.4,130.8,0.0,1.0,5.0,One Time
14238.0,7.449999999999999,159.1,18,159.1,18.0,0,19.8,139.29999999999998,0.0,1.0,2.0,One Time
15223.0,6.05,230.2,44,230.2,44.0,0,17.700000000000003,102.0,0.0,1.0,4.0,One Time
13021.0,2.9478571428571425,233.71,185,233.71,185.0,0,8.5,30.6,0.0,1.0,14.0,One Time
17115.0,5.98,434.15,95,434.15,95.0,0,11.9,54.0,0.0,1.0,15.0,One Time
12820.0,3.075,148.3,50,148.3,50.0,0,15.3,53.1,0.0,1.0,4.0,One Time
16410.0,0.796,130.32,348,130.32,348.0,0,8.64,60.0,0.0,1.0,5.0,One Time
15240.0,3.1039393939393936,549.77,473,549.77,473.0,0,7.800000000000001,40.32,0.0,1.0,33.0,One Time
15484.0,1.6627272727272726,689.5000000000003,611,689.5000000000003,611.0,0,5.76,47.2,0.0,1.0,33.0,One Time
14709.0,3.6875,256.2,104,256.2,104.0,0,12.5,43.0,0.0,1.0,8.0,One Time
15057.0,3.472727272727273,304.1,100,304.1,100.0,0,13.2,71.4,0.0,1.0,11.0,One Time
17642.0,1.9515789473684209,281.02,281,281.02,281.0,0,6.3,39.0,0.0,1.0,19.0,One Time
13813.0,2.6,247.15,165,247.15,165.0,0,6.8,45.0,0.0,1.0,12.0,One Time
13589.0,7.28,269.15000000000003,77,269.15000000000003,77.0,0,10.2,39.8,0.0,1.0,15.0,One Time
12975.0,5.145217391304348,441.63,115,441.63,115.0,0,10.98,54.0,0.0,1.0,23.0,One Time
16277.0,6.521304347826088,188.69,33,188.69,33.0,0,0.95,17.0,0.0,1.0,23.0,One Time
17244.0,5.733333333333333,260.65,57,260.65,57.0,0,1.9,38.25,0.0,1.0,21.0,One Time
15260.0,5.289285714285714,294.85,97,147.425,48.5,0,10.95,41.3,30.0,2.0,13.0,One Time
12583.0,2.653636363636364,745.4399999999999,384,745.4399999999999,384.0,0,6.8,76.19999999999999,0.0,1.0,22.0,One Time
15555.0,3.577777777777777,950.6899999999996,416,950.6899999999996,416.0,0,1.25,76.5,0.0,1.0,51.0,One Time
13736.0,2.807586206896552,709.84,380,354.92,190.0,1,1.1,35.400000000000006,0.0,1.0,114.0,One Time
14133.0,15.9625,305.5,50,305.5,50.0,0,15.9,59.7,0.0,1.0,8.0,One Time
15571.0,2.330625,118.26000000000002,43,118.26000000000002,43.0,0,0.85,63.6,0.0,1.0,16.0,One Time
15059.0,3.120681818181818,280.93999999999994,169,280.93999999999994,169.0,0,1.65,20.4,0.0,1.0,44.0,One Time
14468.0,5.289166666666667,204.24000000000004,164,204.24000000000004,164.0,0,2.95,31.200000000000003,0.0,1.0,12.0,One Time
16395.0,2.2766,200.81,153,40.162,30.6,15,0.65,15.9,30.666666666666668,2.0,50.0,One Time
16485.0,2.6933333333333334,619.2399999999999,340,619.2399999999999,340.0,0,1.25,76.19999999999999,0.0,1.0,29.0,One Time
15878.0,2.7251724137931035,212.13,71,212.13,71.0,0,0.85,59.400000000000006,0.0,1.0,29.0,One Time
13373.0,3.095142857142857,748.4199999999998,336,748.4199999999998,336.0,0,6.8,102.0,0.0,1.0,35.0,One Time
14896.0,3.333333333333333,302.49999999999994,129,302.49999999999994,129.0,0,0.65,20.25,0.0,1.0,41.0,One Time
16964.0,4.55,207.85,49,103.925,24.5,0,8.5,88.19999999999999,0.0,2.0,6.0,One Time
13782.0,5.98,132.4,28,132.4,28.0,0,5.8,25.5,0.0,1.0,10.0,One Time
14454.0,2.7829411764705885,125.94000000000004,63,125.94000000000004,63.0,0,1.68,15.0,0.0,1.0,17.0,One Time
14717.0,3.313636363636364,81.3,32,81.3,32.0,0,0.85,14.85,0.0,1.0,11.0,One Time
16718.0,1.9151515151515155,647.8200000000002,503,647.8200000000002,503.0,0,1.25,82.80000000000001,0.0,1.0,32.0,One Time
14546.0,2.117325581395349,547.7300000000001,313,547.7300000000001,313.0,0,0.42,30.0,0.0,1.0,85.0,One Time
17848.0,12.045000000000002,175.20000000000002,85,175.20000000000002,85.0,0,2.5,99.9,0.0,1.0,6.0,One Time
17561.0,2.873636363636364,192.27000000000004,85,192.27000000000004,85.0,0,0.19,15.0,0.0,1.0,51.0,One Time
15547.0,3.723076923076923,671.56,336,671.56,336.0,0,0.85,53.75,0.0,1.0,50.0,One Time
17406.0,1.6385714285714288,406.69999999999993,356,406.69999999999993,356.0,0,6.6000000000000005,37.8,0.0,1.0,21.0,One Time
14479.0,3.0245454545454544,355.12999999999994,188,355.12999999999994,188.0,0,1.45,32.11,0.0,1.0,30.0,One Time
14548.0,2.8426785714285714,680.2799999999999,275,340.1399999999999,137.5,0,0.95,81.6,0.0,2.0,46.0,One Time
17916.0,1.2781818181818183,25.460000000000004,47,25.460000000000004,47.0,0,0.42,10.44,0.0,1.0,11.0,One Time
15822.0,2.598125,458.42,288,229.21000000000004,144.0,2,2.52,63.2,0.0,1.0,16.0,One Time
16773.0,4.059166666666667,137.75000000000003,47,137.75000000000003,47.0,0,2.1,14.75,0.0,1.0,23.0,One Time
15479.0,5.044444444444444,147.39999999999998,38,147.39999999999998,38.0,0,12.6,17.85,0.0,1.0,9.0,One Time
13211.0,1.806,235.84,102,235.84,102.0,0,0.85,102.0,0.0,1.0,15.0,One Time
14123.0,3.2745833333333336,436.18,234,436.18,234.0,0,10.2,35.7,0.0,1.0,24.0,One Time
14940.0,1.814,182.01,105,182.01,105.0,0,11.4,25.200000000000003,0.0,1.0,10.0,One Time
16686.0,2.553,167.14,79,83.57,39.5,0,1.25,15.0,0.0,2.0,33.0,One Time
15691.0,2.95,102.3,46,51.150000000000006,23.0,10,15.0,59.5,0.0,1.0,5.0,One Time
16436.0,2.590625,192.45,105,96.225,52.5,0,2.55,30.0,30.0,2.0,15.0,One Time
17530.0,2.906041666666667,263.67999999999995,127,263.67999999999995,127.0,0,1.25,21.0,0.0,1.0,39.0,One Time
14003.0,2.946875,209.41,149,209.41,149.0,0,5.04,19.8,0.0,1.0,16.0,One Time
17557.0,8.5,34.0,4,34.0,4.0,0,34.0,34.0,0.0,1.0,1.0,One Time
14738.0,4.9750000000000005,311.2,88,311.2,88.0,0,13.2,81.6,0.0,1.0,12.0,One Time
16124.0,3.009523809523809,463.0000000000001,318,463.0000000000001,318.0,0,6.6000000000000005,40.8,0.0,1.0,21.0,One Time
14695.0,3.100754716981132,984.03,366,492.015,183.0,0,1.05,153.0,0.0,2.0,49.0,One Time
14828.0,1.8225,682.4000000000001,612,682.4000000000001,612.0,0,31.200000000000003,153.6,0.0,1.0,8.0,One Time
14955.0,2.626451612903226,163.76999999999998,74,163.76999999999998,74.0,0,0.42,54.24,0.0,1.0,30.0,One Time
14037.0,2.075869565217391,218.33000000000004,166,218.33000000000004,166.0,0,1.08,11.25,0.0,1.0,46.0,One Time
13905.0,4.833333333333333,312.65000000000003,135,312.65000000000003,135.0,0,10.08,130.8,0.0,1.0,12.0,One Time
17508.0,2.537560975609756,610.9499999999999,441,610.9499999999999,441.0,0,5.04,30.0,0.0,1.0,41.0,One Time
16768.0,2.442941176470588,224.98,96,224.98,96.0,0,0.21,119.4,0.0,1.0,17.0,One Time
13984.0,1.91875,259.5,150,129.75,75.0,0,15.0,93.6,0.0,2.0,8.0,One Time
13190.0,2.5,147.1,58,147.1,58.0,0,15.6,69.0,0.0,1.0,4.0,One Time
14408.0,2.125,321.00000000000006,156,321.00000000000006,156.0,0,25.200000000000003,88.80000000000001,0.0,1.0,8.0,One Time
17707.0,0.85,51.0,60,51.0,60.0,0,10.2,40.8,0.0,1.0,2.0,One Time
17044.0,2.8318181818181816,990.48,396,990.48,396.0,0,70.80000000000001,106.2,0.0,1.0,11.0,One Time
14471.0,2.6440740740740742,208.83,119,208.83,119.0,0,2.55,15.0,0.0,1.0,27.0,One Time
13234.0,2.6496,238.85,121,238.85,121.0,0,1.25,17.0,0.0,1.0,45.0,One Time
14574.0,2.768181818181818,143.7,63,143.7,63.0,0,0.95,44.25,0.0,1.0,11.0,One Time
15716.0,3.435666666666666,214.17,68,214.17,68.0,0,0.42,35.7,0.0,1.0,27.0,One Time
18219.0,1.691,151.72,100,151.72,100.0,0,5.04,30.6,0.0,1.0,10.0,One Time
18162.0,1.885106382978724,379.16,335,379.16,335.0,0,1.25,35.400000000000006,0.0,1.0,45.0,One Time
17441.0,2.050952380952381,293.35,245,293.35,245.0,0,6.3,20.4,0.0,1.0,21.0,One Time
14512.0,1.7466666666666668,153.28,106,153.28,106.0,0,5.1,30.6,0.0,1.0,9.0,One Time
16018.0,1.545,195.78,203,195.78,203.0,0,1.65,90.0,0.0,1.0,20.0,One Time
14670.0,2.285,190.47,97,190.47,97.0,0,0.21,13.2,0.0,1.0,56.0,One Time
17457.0,3.8366666666666656,355.38,90,355.38,90.0,0,68.58,204.0,0.0,1.0,3.0,One Time
15421.0,3.2423076923076923,241.05,95,241.05,95.0,0,9.9,29.7,0.0,1.0,13.0,One Time
17990.0,4.09,332.70000000000005,84,332.70000000000005,84.0,0,12.75,102.0,0.0,1.0,5.0,One Time
13148.0,3.785,331.4,100,331.4,100.0,0,11.9,23.8,0.0,1.0,20.0,One Time
13042.0,2.5789473684210527,668.1000000000003,442,668.1000000000003,442.0,0,1.45,30.6,0.0,1.0,75.0,One Time
12443.0,4.164,365.31000000000006,179,365.31000000000006,179.0,0,7.800000000000001,40.23,0.0,1.0,20.0,One Time
15694.0,5.037999999999999,357.87,85,357.87,85.0,0,14.85,162.72,0.0,1.0,5.0,One Time
16702.0,2.893333333333333,221.52,198,221.52,198.0,0,0.55,22.5,0.0,1.0,27.0,One Time
12540.0,5.116666666666666,328.6,68,328.6,68.0,0,35.400000000000006,79.6,0.0,1.0,6.0,One Time
17270.0,3.7366666666666655,389.62,264,389.62,264.0,0,1.65,163.2,0.0,1.0,15.0,One Time
15369.0,1.61,312.96,192,312.96,192.0,0,69.6,121.68,0.0,1.0,3.0,One Time
12358.0,5.6376470588235295,1429.8300000000004,309,1429.8300000000004,309.0,0,13.5,297.0,0.0,1.0,17.0,One Time
18259.0,3.91,356.40000000000003,96,356.40000000000003,96.0,0,41.400000000000006,106.2,0.0,1.0,5.0,One Time
17047.0,3.565909090909091,322.65,215,322.65,215.0,0,5.04,39.8,0.0,1.0,22.0,One Time
16735.0,2.203636363636364,338.34000000000003,216,338.34000000000003,216.0,0,10.44,70.80000000000001,0.0,1.0,11.0,One Time
14215.0,3.472,425.59,221,425.59,221.0,0,9.9,40.0,0.0,1.0,20.0,One Time
13382.0,3.604375,255.04,123,255.04,123.0,0,5.04,34.0,0.0,1.0,16.0,One Time
13025.0,2.1415384615384614,323.39,241,323.39,241.0,0,10.2,90.0,0.0,1.0,13.0,One Time
16013.0,1.7,1241.0,580,620.5,290.0,0,59.5,1020.0,0.0,2.0,4.0,One Time
18002.0,2.9015384615384616,44.32000000000001,22,44.32000000000001,22.0,0,0.85,19.95,0.0,1.0,13.0,One Time
17854.0,2.7026666666666666,135.94000000000003,65,135.94000000000003,65.0,0,0.95,27.04,0.0,1.0,15.0,One Time
15079.0,3.081935483870968,716.0800000000002,280,238.69333333333336,93.33333333333331,11,8.5,119.4,30.5,2.0,31.0,One Time
18271.0,3.1155555555555554,192.55,89,192.55,89.0,0,12.6,67.05,0.0,1.0,9.0,One Time
17268.0,1.9125,155.70000000000002,90,155.70000000000002,90.0,0,10.2,30.6,0.0,1.0,8.0,One Time
17371.0,2.5085714285714285,154.29000000000002,94,77.14500000000001,47.0,0,0.42,15.0,0.0,2.0,25.0,One Time
18145.0,1.78,309.70000000000005,246,309.70000000000005,246.0,0,10.08,35.400000000000006,0.0,1.0,17.0,One Time
16400.0,3.101666666666667,564.3799999999999,326,564.3799999999999,326.0,0,1.45,63.0,0.0,1.0,40.0,One Time
15093.0,1.5544444444444443,249.64,371,249.64,371.0,0,10.5,59.5,0.0,1.0,9.0,One Time
13571.0,3.244166666666666,111.24000000000002,76,111.24000000000002,76.0,0,1.7,18.24,0.0,1.0,12.0,One Time
16732.0,2.7817021276595746,792.8399999999999,473,792.8399999999999,473.0,0,5.04,109.5,0.0,1.0,47.0,One Time
16940.0,2.1520754716981134,656.8499999999999,461,656.8499999999999,461.0,0,2.5,67.05,0.0,1.0,53.0,One Time
18203.0,5.538571428571429,109.08,22,109.08,22.0,0,1.25,25.5,0.0,1.0,14.0,One Time
14494.0,3.81,114.3,30,114.3,30.0,0,114.3,114.3,0.0,1.0,1.0,One Time
17978.0,2.628846153846154,123.10000000000004,91,123.10000000000004,91.0,0,0.84,13.9,0.0,1.0,25.0,One Time
15031.0,2.4286111111111115,250.02,122,250.02,122.0,0,0.85,33.0,0.0,1.0,34.0,One Time
13410.0,1.69,81.12,48,81.12,48.0,0,81.12,81.12,0.0,1.0,1.0,One Time
12785.0,3.2,310.9,170,310.9,170.0,0,10.2,39.0,0.0,1.0,18.0,One Time
13081.0,2.152,2285.579999999999,1376,2285.579999999999,1376.0,0,5.04,163.2,0.0,1.0,75.0,One Time
14605.0,2.976176470588235,216.25,140,108.125,70.0,0,0.85,31.0,0.0,2.0,31.0,One Time
14285.0,3.35,151.2,48,151.2,48.0,0,45.0,106.2,0.0,1.0,2.0,One Time
16892.0,5.496666666666667,97.55,21,97.55,21.0,0,1.25,12.75,0.0,1.0,15.0,One Time
13204.0,4.161052631578947,966.66,428,966.66,428.0,0,6.6000000000000005,50.400000000000006,0.0,1.0,57.0,One Time
15924.0,3.564,102.82,103,102.82,103.0,0,1.25,17.700000000000003,0.0,1.0,14.0,One Time
13576.0,2.595,328.8,120,328.8,120.0,0,15.0,162.72,0.0,1.0,6.0,One Time
17178.0,5.2621875000000005,436.7099999999998,101,436.7099999999998,101.0,0,3.75,39.9,0.0,1.0,31.0,One Time
18275.0,2.4311111111111114,372.64,224,372.64,224.0,0,18.24,47.6,0.0,1.0,9.0,One Time
15298.0,2.591111111111111,303.45000000000005,162,303.45000000000005,162.0,0,10.5,55.8,0.0,1.0,9.0,One Time
15674.0,3.336818181818181,462.46,282,462.46,282.0,0,9.9,65.69999999999999,0.0,1.0,22.0,One Time
14679.0,5.064761904761904,438.74,168,438.74,168.0,0,10.08,39.8,0.0,1.0,21.0,One Time
16253.0,5.3585714285714285,379.13,232,379.13,232.0,0,10.08,53.1,0.0,1.0,14.0,One Time
16204.0,2.378461538461538,213.27,226,213.27,226.0,0,2.94,59.400000000000006,0.0,1.0,13.0,One Time
15633.0,2.927142857142857,191.89,87,191.89,87.0,0,13.2,44.55,0.0,1.0,7.0,One Time
15203.0,1.8669565217391304,255.68000000000004,208,255.68000000000004,208.0,0,5.04,19.5,0.0,1.0,23.0,One Time
13136.0,2.6792592592592595,549.09,285,549.09,285.0,0,6.8,53.64,0.0,1.0,27.0,One Time
15181.0,3.39,162.72,48,162.72,48.0,0,162.72,162.72,0.0,1.0,1.0,One Time
17188.0,1.93,328.02,174,328.02,174.0,0,9.48,106.2,0.0,1.0,8.0,One Time
13114.0,5.59625,234.38,74,234.38,74.0,0,8.5,27.0,0.0,1.0,16.0,One Time
14291.0,2.39,408.50999999999993,261,408.50999999999993,261.0,0,7.56,39.6,0.0,1.0,24.0,One Time
12712.0,2.9545000000000003,297.8,194,297.8,194.0,0,9.9,33.9,0.0,1.0,20.0,One Time
13202.0,4.4125,320.2,108,320.2,108.0,0,15.0,79.5,0.0,1.0,8.0,One Time
12487.0,2.0,285.29999999999995,174,285.29999999999995,174.0,0,76.5,208.8,0.0,1.0,2.0,One Time
13672.0,3.4075,233.53,81,233.53,81.0,0,7.5,35.400000000000006,0.0,1.0,12.0,One Time
17929.0,5.45,392.4,72,392.4,72.0,0,196.2,196.2,0.0,1.0,2.0,One Time
16771.0,5.275,203.29999999999995,46,203.29999999999995,46.0,0,13.95,59.0,0.0,1.0,8.0,One Time
16782.0,3.063,185.9,69,185.9,69.0,0,0.85,12.75,0.0,1.0,48.0,One Time
16912.0,5.805555555555555,383.80000000000007,68,383.80000000000007,68.0,0,31.6,65.4,0.0,1.0,9.0,One Time
15403.0,0.3419999999999999,95.76,324,95.76,324.0,0,13.68,27.36,0.0,1.0,5.0,One Time
14173.0,2.95,23.6,8,23.6,8.0,0,23.6,23.6,0.0,1.0,1.0,One Time
14211.0,1.85625,187.14999999999995,111,93.57499999999996,55.5,1,13.2,35.400000000000006,30.0,1.0,8.0,One Time
14593.0,2.966865671641791,406.67999999999984,159,203.3399999999999,79.5,5,1.25,21.96,0.0,1.0,65.0,One Time
16802.0,2.341904761904762,259.11,137,259.11,137.0,0,3.75,37.5,0.0,1.0,20.0,One Time
14295.0,4.364705882352942,588.8499999999999,171,588.8499999999999,171.0,0,11.7,102.0,0.0,1.0,17.0,One Time
16709.0,4.06825,1273.5000000000005,545,1273.5000000000005,545.0,0,3.25,107.4,0.0,1.0,37.0,One Time
13727.0,18.28333333333333,130.6,12,130.6,12.0,0,6.2,45.95,0.0,1.0,6.0,One Time
14990.0,3.4978571428571428,200.24,64,200.24,64.0,0,0.84,104.65,0.0,1.0,14.0,One Time
16705.0,3.4033333333333333,3249.320000000001,1544,3249.320000000001,1544.0,0,20.4,244.8,0.0,1.0,42.0,One Time
14171.0,3.2566666666666664,135.0,44,135.0,44.0,0,2.95,101.7,0.0,1.0,6.0,One Time
13983.0,2.6444444444444444,175.95000000000002,85,175.95000000000002,85.0,0,3.75,35.7,0.0,1.0,9.0,One Time
17296.0,3.890909090909091,338.13,216,338.13,216.0,0,1.25,51.0,0.0,1.0,32.0,One Time
17449.0,1.838974358974359,298.68000000000006,218,298.68000000000006,218.0,0,0.55,33.6,0.0,1.0,34.0,One Time
17184.0,4.6000000000000005,50.55,15,50.55,15.0,0,7.95,30.0,0.0,1.0,3.0,One Time
14107.0,1.21,163.26000000000002,174,163.26000000000002,174.0,0,10.08,30.0,0.0,1.0,9.0,One Time
12917.0,4.364285714285715,1552.9,322,1552.9,322.0,0,8.5,297.0,0.0,1.0,7.0,One Time
16755.0,2.0902564102564103,212.58,143,212.58,143.0,0,0.55,30.0,0.0,1.0,37.0,One Time
13825.0,2.9822727272727274,143.36,104,143.36,104.0,0,0.85,25.2,0.0,1.0,22.0,One Time
13770.0,1.923333333333333,174.33,111,174.33,111.0,0,8.850000000000001,60.0,0.0,1.0,6.0,One Time
15441.0,3.058461538461539,301.57,139,301.57,139.0,0,10.08,76.5,0.0,1.0,13.0,One Time
16933.0,2.368888888888889,575.29,371,287.645,185.5,2,1.25,27.0,0.0,1.0,68.0,One Time
17043.0,3.52595744680851,380.36,384,380.36,384.0,0,1.25,60.48,0.0,1.0,44.0,One Time
13498.0,2.2652941176470587,327.37999999999994,362,327.37999999999994,362.0,0,10.2,51.0,0.0,1.0,17.0,One Time
16186.0,2.544761904761905,389.34,274,389.34,274.0,0,2.88,39.6,0.0,1.0,21.0,One Time
18065.0,5.115384615384615,306.9,80,153.45,40.0,0,12.6,81.6,0.0,2.0,13.0,One Time
17880.0,2.521428571428572,171.6,72,171.6,72.0,0,10.2,45.0,0.0,1.0,7.0,One Time
13848.0,0.32,480.0,1500,480.0,1500.0,0,480.0,480.0,0.0,1.0,1.0,One Time
15077.0,4.353684210526316,873.4799999999999,228,873.4799999999999,228.0,0,7.800000000000001,89.10000000000001,0.0,1.0,19.0,One Time
13728.0,4.521428571428571,135.0,44,135.0,44.0,0,10.2,27.0,0.0,1.0,7.0,One Time
15209.0,3.483846153846154,178.97999999999996,94,178.97999999999996,94.0,0,5.04,34.0,0.0,1.0,13.0,One Time
15465.0,3.2916666666666665,436.8,124,436.8,124.0,0,17.4,166.8,0.0,1.0,6.0,One Time
17603.0,3.6442857142857146,289.85,123,289.85,123.0,0,12.6,54.24,0.0,1.0,14.0,One Time
16143.0,2.865625,300.35,147,300.35,147.0,0,12.6,25.200000000000003,0.0,1.0,16.0,One Time
14942.0,4.483333333333333,109.35,37,109.35,37.0,0,9.9,81.6,0.0,1.0,3.0,One Time
14293.0,5.11,840.8500000000001,319,280.28333333333336,106.33333333333331,144,12.75,135.0,35.5,2.0,17.0,One Time
12978.0,2.539122807017544,938.83,517,469.415,258.5,1,2.52,67.5,0.0,1.0,56.0,One Time
17861.0,1.6245714285714286,328.99,415,328.99,415.0,0,0.85,49.5,0.0,1.0,35.0,One Time
16843.0,2.281,730.59,450,730.59,450.0,0,27.84,106.2,0.0,1.0,10.0,One Time
17388.0,1.06,228.96,216,228.96,216.0,0,228.96,228.96,0.0,1.0,1.0,One Time
15085.0,2.3233333333333333,347.54,169,347.54,169.0,0,10.5,61.2,0.0,1.0,9.0,One Time
15642.0,0.4166666666666667,105.78000000000004,270,105.78000000000004,270.0,0,9.12,23.700000000000003,0.0,1.0,6.0,One Time
14099.0,3.2013513513513514,390.44000000000005,200,390.44000000000005,200.0,0,2.5,33.75,0.0,1.0,35.0,One Time
15854.0,5.15,592.2,124,592.2,124.0,0,15.0,297.0,0.0,1.0,8.0,One Time
17027.0,44.95,139.85000000000002,3,139.85000000000002,3.0,0,39.95,99.9,0.0,1.0,2.0,One Time
16748.0,1.95,97.5,50,97.5,50.0,0,19.5,19.5,0.0,1.0,5.0,One Time
16459.0,2.568,71.78999999999999,59,71.78999999999999,59.0,0,10.44,17.85,0.0,1.0,5.0,One Time
13091.0,1.5265217391304349,762.98,872,762.98,872.0,0,12.5,108.48,0.0,1.0,23.0,One Time
15912.0,3.1152083333333334,435.7899999999999,288,145.26333333333332,96.0,0,0.85,148.5,0.0,3.0,42.0,One Time
16596.0,4.033333333333333,95.55,27,95.55,27.0,0,12.75,22.95,0.0,1.0,6.0,One Time
16663.0,1.65,165.0,100,165.0,100.0,0,165.0,165.0,0.0,1.0,1.0,One Time
12989.0,3.85,413.1,114,413.1,114.0,0,67.5,132.0,0.0,1.0,4.0,One Time
14648.0,2.3496551724137933,224.36,194,224.36,194.0,0,0.42,10.5,0.0,1.0,40.0,One Time
15573.0,3.323061224489796,278.08,156,278.08,156.0,0,0.85,38.25,0.0,1.0,46.0,One Time
15367.0,4.686,785.6200000000001,256,785.6200000000001,256.0,0,9.95,59.400000000000006,0.0,1.0,40.0,One Time
14062.0,2.886176470588236,1924.72,1902,481.18,475.5,26,1.52,306.0,21.33333333333333,2.0,24.0,One Time
14043.0,2.65,161.36,83,80.67999999999999,41.5,1,1.25,35.8,0.0,1.0,19.0,One Time
15157.0,1.153333333333333,448.2000000000001,644,448.2000000000001,644.0,0,15.0,90.0,0.0,1.0,15.0,One Time
15623.0,3.155,307.20000000000005,182,307.20000000000005,182.0,0,12.6,139.2,0.0,1.0,10.0,One Time
14626.0,2.0641666666666665,436.4,352,436.4,352.0,0,12.16,62.5,0.0,1.0,12.0,One Time
15916.0,4.010888888888889,369.42,128,184.71,64.0,4,1.25,76.5,0.0,1.0,39.0,One Time
15032.0,1.5166666666666666,1505.4,924,1505.4,924.0,0,20.4,330.0,0.0,1.0,6.0,One Time
15882.0,2.6766666666666663,181.63,73,181.63,73.0,0,0.42,51.0,0.0,1.0,12.0,One Time
17032.0,2.604406779661017,844.4499999999999,495,844.4499999999999,495.0,0,0.85,44.45,0.0,1.0,57.0,One Time
12979.0,2.350892857142857,479.5400000000001,484,239.77000000000007,242.0,36,0.55,66.0,0.0,1.0,56.0,One Time
15738.0,1.3,282.0300000000001,375,282.0300000000001,375.0,0,6.8,51.0,0.0,1.0,14.0,One Time
16901.0,6.1256521739130445,204.26,42,204.26,42.0,0,2.5,25.5,0.0,1.0,23.0,One Time
12933.0,3.892962962962963,155.79000000000002,67,155.79000000000002,67.0,0,0.84,24.75,0.0,1.0,27.0,One Time
14507.0,3.003333333333333,171.49999999999997,56,171.49999999999997,56.0,0,2.5,38.35,0.0,1.0,14.0,One Time
17696.0,2.507586206896552,635.6700000000001,413,211.89,137.66666666666666,1,6.72,59.4,35.0,2.0,27.0,One Time
18276.0,2.340625,218.04999999999995,193,218.04999999999995,193.0,0,8.5,17.700000000000003,0.0,1.0,16.0,One Time
14081.0,2.6070714285714285,792.0199999999992,485,792.0199999999992,485.0,0,0.42,35.400000000000006,0.0,1.0,129.0,One Time
17351.0,3.8071428571428574,133.75,25,133.75,25.0,0,2.95,59.5,0.0,1.0,7.0,One Time
16798.0,4.853846153846154,199.95,44,99.97499999999998,22.0,1,0.85,17.9,0.0,1.0,38.0,One Time
17512.0,2.741515151515152,864.8900000000003,687,864.8900000000003,687.0,0,10.2,79.2,0.0,1.0,33.0,One Time
16905.0,3.316956521739131,230.0,78,230.0,78.0,0,0.95,67.5,0.0,1.0,18.0,One Time
15494.0,2.067941176470588,908.6599999999996,741,454.3299999999998,370.0,0,2.5,151.20000000000002,0.0,1.0,64.0,One Time
17165.0,4.882222222222222,372.92,112,186.46,56.0,2,13.5,53.1,35.0,1.0,18.0,One Time
16293.0,4.998421052631579,325.64,104,325.64,104.0,0,5.04,29.85,0.0,1.0,19.0,One Time
15769.0,1.65,1980.0,1200,1980.0,1200.0,0,165.0,660.0,0.0,1.0,7.0,One Time
18172.0,2.9785714285714286,233.1,106,233.1,106.0,0,13.5,70.80000000000001,0.0,1.0,7.0,One Time
18268.0,3.84,375.18,146,375.18,146.0,0,11.8,59.5,0.0,1.0,13.0,One Time
14519.0,2.61304347826087,122.95,50,122.95,50.0,0,2.1,20.25,0.0,1.0,23.0,One Time
14191.0,7.95,15.9,2,15.9,2.0,0,15.9,15.9,0.0,1.0,1.0,One Time
13077.0,2.240740740740741,639.8399999999999,338,319.92,169.0,0,0.85,82.80000000000001,35.0,2.0,52.0,One Time
17344.0,2.601891891891892,294.04,145,147.01999999999998,72.5,2,0.5700000000000001,81.0,0.0,1.0,36.0,One Time
14643.0,1.4471428571428573,350.68,380,350.68,380.0,0,4.5600000000000005,47.6,0.0,1.0,14.0,One Time
12957.0,3.4022,1085.1,622,361.7,207.3333333333333,3,9.95,45.0,17.5,1.0,50.0,One Time
14577.0,2.3216,217.34,110,217.34,110.0,0,1.25,53.64,0.0,1.0,25.0,One Time
17409.0,3.426923076923077,899.6400000000001,438,899.6400000000001,438.0,0,13.95,163.2,0.0,1.0,13.0,One Time
16470.0,3.6065625,199.68,63,199.68,63.0,0,0.55,29.700000000000003,0.0,1.0,30.0,One Time
16191.0,1.6,348.6,188,348.6,188.0,0,22.5,132.0,0.0,1.0,8.0,One Time
16365.0,1.938,198.77,109,198.77,109.0,0,1.9,101.6,0.0,1.0,10.0,One Time
13418.0,3.148,811.7599999999999,704,811.7599999999999,704.0,0,13.919999999999998,232.0,0.0,1.0,20.0,One Time
12854.0,2.990888888888889,525.3399999999999,308,525.3399999999999,308.0,0,1.9,70.80000000000001,0.0,1.0,44.0,One Time
15197.0,2.035,117.96,60,117.96,60.0,0,15.0,47.400000000000006,0.0,1.0,4.0,One Time
13953.0,1.25,500.0,400,500.0,400.0,0,500.0,500.0,0.0,1.0,1.0,One Time
14298.0,1.0853846153846154,2173.8,3032,1086.9,1516.0,0,18.24,93.6,0.0,2.0,22.0,One Time
16952.0,2.8697058823529416,252.04,108,252.04,108.0,0,0.38,32.45,0.0,1.0,32.0,One Time
14625.0,3.5943243243243246,580.3500000000003,359,290.1750000000001,179.5,1,5.88,35.400000000000006,34.0,1.0,37.0,One Time
13415.0,2.417123287671233,483.4199999999999,253,483.4199999999999,253.0,0,0.65,46.5,0.0,1.0,70.0,One Time
13668.0,6.378571428571428,615.3,110,615.3,110.0,0,13.5,297.0,0.0,1.0,7.0,One Time
14790.0,2.909333333333333,567.96,532,283.98,266.0,0,8.5,39.95,38.0,2.0,23.0,One Time
17487.0,6.0625,160.54999999999998,37,160.54999999999998,37.0,0,14.85,29.700000000000003,0.0,1.0,8.0,One Time
17958.0,3.2506896551724136,465.4199999999999,200,465.4199999999999,200.0,0,1.95,189.6,0.0,1.0,29.0,One Time
17754.0,0.8955,285.48,378,285.48,378.0,0,3.9,45.0,0.0,1.0,19.0,One Time
15898.0,4.275272727272727,406.12,148,406.12,148.0,0,1.25,26.82,0.0,1.0,53.0,One Time
14130.0,1.99546875,358.3200000000001,289,358.3200000000001,289.0,0,0.85,27.5,0.0,1.0,62.0,One Time
17860.0,2.697758620689655,256.69,125,128.345,62.5,0,1.25,47.7,0.0,2.0,47.0,One Time
12664.0,3.63,469.08,132,469.08,132.0,0,90.0,244.08,0.0,1.0,3.0,One Time
16719.0,3.508928571428572,344.65000000000003,170,344.65000000000003,170.0,0,1.3,87.75,0.0,1.0,28.0,One Time
16442.0,3.0013513513513512,155.05999999999997,61,155.05999999999997,61.0,0,0.42,10.9,0.0,1.0,37.0,One Time
13317.0,3.02,416.82,229,416.82,229.0,0,5.04,54.0,0.0,1.0,24.0,One Time
15196.0,2.5416666666666665,152.25,67,152.25,67.0,0,1.65,15.0,0.0,1.0,23.0,One Time
15956.0,2.55,326.4,128,326.4,128.0,0,326.4,326.4,0.0,1.0,1.0,One Time
15169.0,2.395918367346939,356.1700000000001,225,356.1700000000001,225.0,0,1.65,25.5,0.0,1.0,48.0,One Time
14685.0,2.8146808510638297,1171.8600000000004,674,292.96500000000003,168.5,37,1.25,135.0,0.0,3.0,46.0,One Time
15503.0,2.030377358490566,120.06,62,120.06,62.0,0,0.42,6.75,0.0,1.0,50.0,One Time
13026.0,1.5460869565217392,332.23,327,166.11499999999998,163.5,1,6.959999999999999,45.0,9.0,1.0,23.0,One Time
15144.0,5.133333333333334,370.2,84,370.2,84.0,0,45.0,102.0,0.0,1.0,6.0,One Time
12843.0,1.9804,76.84,51,76.84,51.0,0,0.55,14.85,0.0,1.0,23.0,One Time
14161.0,1.9779545454545453,505.13,298,505.13,298.0,0,0.42,47.6,0.0,1.0,44.0,One Time
17172.0,1.2357142857142858,336.82000000000005,382,336.82000000000005,382.0,0,9.48,47.2,0.0,1.0,14.0,One Time
16830.0,3.07875,276.62000000000006,182,138.31,91.0,6,9.95,63.2,9.0,1.0,16.0,One Time
16127.0,2.806285714285714,145.05999999999997,68,145.05999999999997,68.0,0,0.42,13.41,0.0,1.0,35.0,One Time
17539.0,2.712931034482758,361.55,180,361.55,180.0,0,0.85,30.0,0.0,1.0,56.0,One Time
15944.0,3.4375,588.4000000000001,332,588.4000000000001,332.0,0,22.5,232.0,0.0,1.0,8.0,One Time
17211.0,2.40968253968254,729.5500000000002,462,364.775,231.0,0,0.84,29.700000000000003,3.5,2.0,49.0,One Time
14514.0,2.7084615384615383,856.7800000000001,451,856.7800000000001,451.0,0,0.42,59.400000000000006,0.0,1.0,35.0,One Time
17066.0,2.717777777777778,228.34000000000003,93,228.34000000000003,93.0,0,1.9,29.700000000000003,0.0,1.0,17.0,One Time
15850.0,2.865625,106.65,41,106.65,41.0,0,0.85,9.95,0.0,1.0,31.0,One Time
17290.0,2.76,56.45,123,56.45,123.0,0,4.95,45.6,0.0,1.0,3.0,One Time
13735.0,2.706279069767442,493.3700000000001,217,493.3700000000001,217.0,0,2.5,40.56,0.0,1.0,40.0,One Time
12681.0,2.679333333333333,942.54,646,942.54,646.0,0,5.04,118.8,0.0,1.0,45.0,One Time
17802.0,1.9944262295081967,494.55,281,123.6375,70.25,8,1.25,81.6,0.3333333333333333,2.0,58.0,One Time
15628.0,2.050555555555556,286.28,246,286.28,246.0,0,10.08,35.400000000000006,0.0,1.0,18.0,One Time
15446.0,1.7874285714285716,123.43,109,123.43,109.0,0,0.42,10.2,0.0,1.0,34.0,One Time
14525.0,1.481111111111111,399.8,299,399.8,299.0,0,0.38,163.2,0.0,1.0,34.0,One Time
14751.0,3.616666666666667,65.10000000000001,18,65.10000000000001,18.0,0,17.700000000000003,29.700000000000003,0.0,1.0,3.0,One Time
12683.0,1.6827118644067798,1107.3599999999997,913,553.6799999999998,456.5,0,5.04,65.4,7.0,2.0,56.0,One Time
13087.0,5.718,313.64,86,313.64,86.0,0,5.04,53.1,0.0,1.0,15.0,One Time
15562.0,1.7942857142857145,360.50999999999993,494,360.50999999999993,494.0,0,0.21,81.12,0.0,1.0,26.0,One Time
17819.0,7.675,1157.1,114,578.55,57.0,0,15.0,612.0,10.0,2.0,3.0,One Time
16409.0,2.5353409090909094,526.4599999999997,334,526.4599999999997,334.0,0,0.42,30.6,0.0,1.0,84.0,One Time
14277.0,1.9071428571428573,215.42,230,215.42,230.0,0,6.3,53.1,0.0,1.0,14.0,One Time
14466.0,3.425,217.8,146,217.8,146.0,0,1.95,32.849999999999994,0.0,1.0,16.0,One Time
16725.0,2.54140625,213.87999999999988,153,213.87999999999988,153.0,0,0.85,11.9,0.0,1.0,56.0,One Time
17799.0,3.085098039215686,348.61000000000007,137,348.61000000000007,137.0,0,1.25,33.0,0.0,1.0,43.0,One Time
17910.0,3.044230769230769,261.7,121,261.7,121.0,0,0.95,34.8,0.0,1.0,25.0,One Time
16551.0,2.626,292.98,384,292.98,384.0,0,10.2,38.0,0.0,1.0,15.0,One Time
15577.0,4.045238095238095,139.09999999999997,32,69.55,16.0,0,0.65,21.9,3.0,2.0,20.0,One Time
12439.0,3.771617647058824,1027.9599999999998,422,513.9799999999999,211.0,30,5.04,30.0,0.0,1.0,67.0,One Time
13462.0,1.843076923076923,171.82000000000002,142,171.82000000000002,142.0,0,5.04,26.0,0.0,1.0,13.0,One Time
13872.0,5.33375,252.12,84,252.12,84.0,0,9.9,30.0,0.0,1.0,16.0,One Time
13013.0,3.076666666666667,756.5100000000003,346,756.5100000000003,346.0,0,3.3600000000000003,71.4,0.0,1.0,27.0,One Time
14977.0,2.46,31.93,17,31.93,17.0,0,0.38,19.8,0.0,1.0,4.0,One Time
12472.0,1.57234375,1150.6800000000003,863,575.3400000000001,431.5,35,5.04,79.19999999999999,9.0,1.0,64.0,One Time
16769.0,4.4215625,394.46,113,197.23,56.5,0,4.95,30.0,0.0,2.0,32.0,One Time
17075.0,4.373076923076924,187.7,48,187.7,48.0,0,0.95,29.5,0.0,1.0,13.0,One Time
16190.0,2.895,196.92,124,196.92,124.0,0,5.04,34.0,0.0,1.0,12.0,One Time
14032.0,1.520344827586207,617.64,724,308.82000000000005,362.0,0,5.04,59.4,7.0,2.0,23.0,One Time
17825.0,2.3008,467.46,244,155.82,81.33333333333333,0,1.26,45.0,0.0,3.0,22.0,One Time
15329.0,4.066111111111111,315.01,136,157.505,68.0,2,13.2,29.700000000000003,6.0,1.0,18.0,One Time
17908.0,2.4655223880597013,363.2099999999999,214,181.605,107.0,26,0.42,30.0,7.0,1.0,63.0,One Time
15534.0,3.7375,162.25,63,162.25,63.0,0,7.95,35.400000000000006,0.0,1.0,8.0,One Time
16327.0,2.307938144329897,698.6099999999999,412,698.6099999999999,412.0,0,0.84,19.5,0.0,1.0,96.0,One Time
15920.0,3.371578947368421,121.59000000000002,68,60.79500000000001,34.0,0,0.38,20.0,0.0,2.0,18.0,One Time
12613.0,2.4322580645161294,1224.8100000000002,896,1224.8100000000002,896.0,0,5.04,60.48,0.0,1.0,59.0,One Time
17318.0,3.670555555555555,164.28,60,164.28,60.0,0,0.85,29.68,0.0,1.0,17.0,One Time
17965.0,1.3159459459459462,272.02,489,272.02,489.0,0,0.95,27.04,0.0,1.0,36.0,One Time
14401.0,2.1508000000000003,831.0300000000001,775,415.515,387.5,0,9.12,78.0,4.0,2.0,23.0,One Time
15188.0,2.6047826086956523,310.42999999999995,233,310.42999999999995,233.0,0,1.68,39.0,0.0,1.0,23.0,One Time
15015.0,2.297058823529412,103.04999999999998,91,51.525000000000006,45.5,9,5.0,14.85,0.0,1.0,17.0,One Time
16019.0,3.8886666666666665,989.83,305,494.915,152.5,0,13.8,325.44,3.0,2.0,15.0,One Time
12926.0,2.592380952380952,390.6599999999999,187,390.6599999999999,187.0,0,0.42,30.0,0.0,1.0,90.0,One Time
17623.0,4.891379310344828,197.05,53,197.05,53.0,0,1.9,19.95,0.0,1.0,29.0,One Time
14796.0,4.414230769230769,266.02000000000004,89,266.02000000000004,89.0,0,3.49,23.1,0.0,1.0,25.0,One Time
14042.0,3.74,431.9799999999999,180,431.9799999999999,180.0,0,10.2,90.0,0.0,1.0,21.0,One Time
15867.0,2.890701754385965,626.0,335,626.0,335.0,0,1.26,133.2,0.0,1.0,55.0,One Time
16805.0,2.668358208955224,273.99999999999994,163,273.99999999999994,163.0,0,0.21,17.700000000000003,0.0,1.0,65.0,One Time
16125.0,2.947384615384616,689.7099999999999,343,689.7099999999999,343.0,0,0.42,81.6,0.0,1.0,64.0,One Time
13591.0,13.85,53.2,4,53.2,4.0,0,14.95,38.25,0.0,1.0,2.0,One Time
16280.0,3.80625,238.05,101,238.05,101.0,0,9.9,19.9,0.0,1.0,16.0,One Time
12920.0,3.071428571428572,138.9,58,69.45,29.0,0,12.75,50.400000000000006,0.0,2.0,7.0,One Time
17866.0,3.7375,149.5,40,149.5,40.0,0,21.0,49.5,0.0,1.0,4.0,One Time
13577.0,3.2165,286.04,158,57.208000000000006,31.6,28,8.5,81.36,0.75,3.0,20.0,One Time
16064.0,2.647222222222222,111.00000000000004,56,111.00000000000004,56.0,0,1.45,15.9,0.0,1.0,17.0,One Time
17416.0,3.1060000000000003,659.4000000000002,332,659.4000000000002,332.0,0,15.0,51.0,0.0,1.0,25.0,One Time
15640.0,3.742083333333333,1456.2,588,1456.2,588.0,0,13.2,238.8,0.0,1.0,24.0,One Time
12992.0,4.55,93.35,21,93.35,21.0,0,14.85,17.85,0.0,1.0,6.0,One Time
15672.0,6.883333333333333,45.3,10,45.3,10.0,0,12.75,17.700000000000003,0.0,1.0,3.0,One Time
13000.0,4.106451612903226,497.65000000000015,169,497.65000000000015,169.0,0,9.95,27.0,0.0,1.0,31.0,One Time
17012.0,2.12,384.16,268,384.16,268.0,0,1.45,30.0,0.0,1.0,34.0,One Time
16098.0,2.8266666666666667,154.68999999999997,221,154.68999999999997,221.0,0,10.2,51.0,0.0,1.0,6.0,One Time
16554.0,3.7645,415.49,189,415.49,189.0,0,11.4,31.8,0.0,1.0,20.0,One Time
13004.0,3.3589473684210525,306.54,146,306.54,146.0,0,5.04,59.400000000000006,0.0,1.0,19.0,One Time
15838.0,1.65,495.0,300,495.0,300.0,0,495.0,495.0,0.0,1.0,1.0,One Time
17572.0,1.835,62.31,43,62.31,43.0,0,7.800000000000001,26.1,0.0,1.0,4.0,One Time
13902.0,3.6466666666666665,357.66,90,357.66,90.0,0,15.3,130.8,0.0,1.0,6.0,One Time
17251.0,3.262,306.40000000000003,158,306.40000000000003,158.0,0,9.9,29.700000000000003,0.0,1.0,20.0,One Time
16858.0,4.976,297.86000000000007,78,297.86000000000007,78.0,0,6.6000000000000005,59.5,0.0,1.0,15.0,One Time
17082.0,2.2633333333333336,908.2000000000002,520,454.1000000000001,260.0,0,10.2,83.4,0.0,2.0,30.0,One Time
14607.0,3.207777777777778,2214.2000000000003,916,1107.1,458.0,100,106.0,392.4,3.0,1.0,9.0,One Time
17262.0,16.95,169.5,10,169.5,10.0,0,169.5,169.5,0.0,1.0,1.0,One Time
18220.0,5.022857142857142,253.64,164,253.64,164.0,0,14.85,152.64,0.0,1.0,7.0,One Time
17625.0,3.1718,675.1200000000001,293,675.1200000000001,293.0,0,1.25,39.6,0.0,1.0,50.0,One Time
17233.0,4.553076923076923,179.36,60,179.36,60.0,0,1.68,47.7,0.0,1.0,13.0,One Time
17095.0,4.822727272727272,295.0,56,147.5,28.0,2,12.5,135.6,2.0,1.0,11.0,One Time
16713.0,3.984214876033058,936.47,422,312.1566666666666,140.66666666666666,0,1.25,30.6,3.0,3.0,95.0,One Time
12941.0,1.6459259259259258,377.4900000000002,381,377.4900000000002,381.0,0,5.04,46.8,0.0,1.0,27.0,One Time
17596.0,2.3743037974683543,477.3599999999999,438,477.3599999999999,438.0,0,0.65,30.6,0.0,1.0,75.0,One Time
15812.0,2.2312903225806453,290.72,176,290.72,176.0,0,0.85,71.4,0.0,1.0,31.0,One Time
14966.0,2.438695652173913,335.12000000000006,542,167.56,271.0,0,0.42,30.0,1.0,2.0,41.0,One Time
15070.0,4.632142857142857,324.8,132,324.8,132.0,0,7.95,53.1,0.0,1.0,14.0,One Time
18260.0,1.99,308.38,198,308.38,198.0,0,12.6,232.0,0.0,1.0,6.0,One Time
16749.0,2.88875,2343.72,1086,2343.72,1086.0,0,3.75,326.4,0.0,1.0,24.0,One Time
13405.0,1.5566666666666666,146.45999999999998,582,146.45999999999998,582.0,0,25.5,60.48,0.0,1.0,3.0,One Time
17797.0,3.0648,208.68,90,208.68,90.0,0,1.68,59.0,0.0,1.0,24.0,One Time
13823.0,4.551851851851852,391.55,245,391.55,245.0,0,8.5,26.0,0.0,1.0,27.0,One Time
15566.0,1.826,138.22,110,138.22,110.0,0,14.499999999999998,35.400000000000006,0.0,1.0,5.0,One Time
13050.0,3.291578947368421,327.9100000000001,139,327.9100000000001,139.0,0,10.2,43.0,0.0,1.0,19.0,One Time
13756.0,9.6,182.25,49,182.25,49.0,0,7.5,49.5,0.0,1.0,9.0,One Time
17816.0,1.2685714285714285,24.63,22,24.63,22.0,0,0.38,7.5,0.0,1.0,7.0,One Time
16308.0,0.32,960.0,3000,960.0,3000.0,0,960.0,960.0,0.0,1.0,1.0,One Time
15785.0,2.936153846153846,322.92,228,322.92,228.0,0,10.08,101.88,0.0,1.0,13.0,One Time
14897.0,2.6326315789473687,301.16,204,301.16,204.0,0,6.6000000000000005,25.5,0.0,1.0,19.0,One Time
15527.0,3.069090909090909,297.86000000000007,138,297.86000000000007,138.0,0,13.41,81.0,0.0,1.0,11.0,One Time
17368.0,3.3134615384615387,205.32,84,205.32,84.0,0,0.85,14.95,0.0,1.0,47.0,One Time
15637.0,1.478888888888889,288.88,400,288.88,400.0,0,7.800000000000001,103.68,0.0,1.0,9.0,One Time
15393.0,4.141818181818182,187.84000000000003,72,187.84000000000003,72.0,0,6.72,29.700000000000003,0.0,1.0,11.0,One Time
18177.0,1.66625,334.5,270,334.5,270.0,0,38.0,62.5,0.0,1.0,8.0,One Time
13473.0,2.897777777777778,388.74,206,388.74,206.0,0,16.5,71.4,0.0,1.0,9.0,One Time
16605.0,0.42,60.48,144,60.48,144.0,0,60.48,60.48,0.0,1.0,1.0,One Time
12956.0,2.1928571428571426,276.69999999999993,170,138.35,85.0,0,12.5,30.0,1.0,2.0,14.0,One Time
12971.0,20.48333333333333,61.45,3,61.45,3.0,0,12.75,35.95,0.0,1.0,3.0,One Time
15394.0,2.0463636363636364,297.4,224,297.4,224.0,0,15.0,58.5,0.0,1.0,11.0,One Time
14460.0,2.488571428571429,155.34,258,155.34,258.0,0,10.5,51.84,0.0,1.0,7.0,One Time
14769.0,1.8967741935483875,969.66,977,969.66,977.0,0,8.5,30.6,0.0,1.0,62.0,One Time
15312.0,3.797222222222222,321.65000000000003,141,321.65000000000003,141.0,0,10.2,31.6,0.0,1.0,18.0,One Time
17646.0,4.215,435.5,159,435.5,159.0,0,6.3,71.10000000000001,0.0,1.0,18.0,One Time
13952.0,3.614193548387096,1226.79,597,1226.79,597.0,0,7.800000000000001,91.8,0.0,1.0,31.0,One Time
15713.0,2.315,243.86,209,243.86,209.0,0,5.04,20.4,0.0,1.0,18.0,One Time
16366.0,3.303333333333333,243.6500000000001,95,243.6500000000001,95.0,0,11.6,30.0,0.0,1.0,15.0,One Time
18286.0,7.98235294117647,462.95,114,462.95,114.0,0,7.5,74.85,0.0,1.0,17.0,One Time
13047.0,2.325,306.30000000000007,238,306.30000000000007,238.0,0,6.6000000000000005,71.4,0.0,1.0,12.0,One Time
14869.0,1.806190476190476,370.23,295,185.115,147.5,1,10.08,45.0,4.0,1.0,20.0,One Time
16197.0,2.7375,117.3,58,117.3,58.0,0,25.200000000000003,35.7,0.0,1.0,4.0,One Time
13074.0,3.333333333333333,313.3,150,313.3,150.0,0,16.5,87.0,0.0,1.0,12.0,One Time
13289.0,4.390625,307.95,119,307.95,119.0,0,12.6,39.8,0.0,1.0,16.0,One Time
16119.0,3.022222222222222,183.4,112,183.4,112.0,0,15.0,38.16,0.0,1.0,9.0,One Time
13769.0,4.585,214.25000000000003,61,214.25000000000003,61.0,0,11.85,66.0,0.0,1.0,10.0,One Time
15184.0,1.89,123.19,161,123.19,161.0,0,2.55,20.4,0.0,1.0,11.0,One Time
15499.0,2.8666666666666667,161.6,60,161.6,60.0,0,0.55,11.8,0.0,1.0,40.0,One Time
12586.0,4.023684210526316,422.35,157,422.35,157.0,0,7.5,71.6,0.0,1.0,19.0,One Time
18012.0,6.810769230769231,115.3,63,115.3,63.0,0,2.1,29.95,0.0,1.0,13.0,One Time
13403.0,2.3666666666666667,78.6,44,78.6,44.0,0,15.0,33.6,0.0,1.0,3.0,One Time
17833.0,3.47875,342.36,145,342.36,145.0,0,1.25,35.400000000000006,0.0,1.0,28.0,One Time
15222.0,0.7733333333333332,436.56,1108,436.56,1108.0,0,5.04,54.72,0.0,1.0,21.0,One Time
13178.0,1.549,618.7900000000001,568,618.7900000000001,568.0,0,5.88,39.6,0.0,1.0,40.0,One Time
14415.0,3.0368,519.53,311,519.53,311.0,0,0.84,27.9,0.0,1.0,47.0,One Time
16195.0,3.3312500000000003,323.25,123,323.25,123.0,0,9.9,35.400000000000006,0.0,1.0,16.0,One Time
17776.0,2.162692307692308,209.0,202,104.5,101.0,1,0.29,23.4,1.0,1.0,47.0,One Time
16569.0,2.903636363636364,422.15,299,422.15,299.0,0,12.7,90.0,0.0,1.0,11.0,One Time
17469.0,3.4404347826086954,332.4599999999999,192,166.22999999999996,96.0,5,5.1,29.5,1.0,1.0,23.0,One Time
14055.0,1.1022222222222222,274.32000000000005,400,274.32000000000005,400.0,0,10.2,60.0,0.0,1.0,9.0,One Time
17873.0,1.5405882352941178,592.76,408,296.38,204.0,0,9.12,153.0,0.0,2.0,17.0,One Time
15044.0,5.206739130434783,1668.13,456,556.0433333333334,151.66666666666666,0,2.1,81.6,3.5,2.0,66.0,One Time
14329.0,3.412380952380952,320.65000000000003,168,320.65000000000003,168.0,0,8.5,20.85,0.0,1.0,21.0,One Time
17091.0,3.841666666666667,276.5,82,276.5,82.0,0,13.8,30.0,0.0,1.0,12.0,One Time
16694.0,16.666666666666668,98.3,26,98.3,26.0,0,7.95,50.400000000000006,0.0,1.0,3.0,One Time
15055.0,2.9566071428571425,255.36999999999992,100,255.36999999999992,100.0,0,1.25,17.85,0.0,1.0,48.0,One Time
18144.0,3.119333333333333,597.5,273,597.5,273.0,0,10.2,130.8,0.0,1.0,15.0,One Time
13008.0,3.1354545454545457,189.31,75,189.31,75.0,0,10.2,31.6,0.0,1.0,11.0,One Time
13941.0,2.5727272727272723,781.0999999999999,306,781.0999999999999,306.0,0,2.55,272.0,0.0,1.0,11.0,One Time
14092.0,3.1700000000000004,136.20000000000002,52,136.20000000000002,52.0,0,15.0,35.400000000000006,0.0,1.0,5.0,One Time
12867.0,1.545263157894737,295.64000000000004,239,295.64000000000004,239.0,0,1.65,21.0,0.0,1.0,36.0,One Time
16742.0,3.116,220.07,291,220.07,291.0,0,1.25,113.76,0.0,1.0,5.0,One Time
15498.0,3.967702702702703,3246.7699999999995,1603,1623.3849999999998,801.5,25,5.04,178.5,1.0,1.0,71.0,One Time
17402.0,3.2875,114.75,60,38.24999999999999,20.0,1,0.65,20.4,0.0,2.0,20.0,One Time
18201.0,4.629259259259259,447.53,191,447.53,191.0,0,7.800000000000001,25.5,0.0,1.0,27.0,One Time
13225.0,2.3260869565217392,1425.3000000000002,682,1425.3000000000002,682.0,0,20.4,119.0,0.0,1.0,23.0,One Time
17662.0,3.4863636363636363,353.0,176,353.0,176.0,0,12.5,91.8,0.0,1.0,11.0,One Time
15863.0,3.051219512195122,140.90000000000003,47,140.90000000000003,47.0,0,0.65,9.95,0.0,1.0,39.0,One Time
18186.0,2.183636363636364,329.58,338,329.58,338.0,0,15.0,107.4,0.0,1.0,11.0,One Time
13875.0,1.741818181818182,164.59,139,164.59,139.0,0,4.5600000000000005,47.400000000000006,0.0,1.0,11.0,One Time
12557.0,3.39,1952.64,576,1952.64,576.0,0,488.16,732.24,0.0,1.0,3.0,One Time
13266.0,2.583636363636364,295.55,176,295.55,176.0,0,10.5,45.0,0.0,1.0,11.0,One Time
14484.0,2.043809523809524,435.4500000000001,245,435.4500000000001,245.0,0,4.5600000000000005,45.9,0.0,1.0,21.0,One Time
18097.0,1.8227272727272728,171.26,206,171.26,206.0,0,6.72,35.7,0.0,1.0,11.0,One Time
13520.0,2.7085714285714286,469.4,217,469.4,217.0,0,10.2,90.0,0.0,1.0,14.0,One Time
15862.0,2.7813600000000003,581.3199999999997,336,193.7733333333333,112.0,0,0.42,19.9,0.0,3.0,108.0,One Time
17612.0,3.75,233.4,98,233.4,98.0,0,9.9,27.0,0.0,1.0,14.0,One Time
14422.0,2.2084615384615387,420.4100000000001,267,420.4100000000001,267.0,0,5.04,47.400000000000006,0.0,1.0,26.0,One Time
18006.0,5.95,71.4,12,71.4,12.0,0,11.9,17.85,0.0,1.0,3.0,One Time
14095.0,2.95,2.95,1,2.95,1.0,0,2.95,2.95,0.0,1.0,1.0,One Time
16908.0,3.922,153.59,41,76.795,20.5,20,3.49,108.9,0.0,1.0,20.0,One Time
13427.0,1.0166666666666666,96.0,96,96.0,96.0,0,10.2,30.0,0.0,1.0,6.0,One Time
17103.0,1.686875,424.29999999999984,471,424.29999999999984,471.0,0,6.959999999999999,20.4,0.0,1.0,32.0,One Time
13203.0,1.7042105263157896,339.9,368,339.9,368.0,0,5.04,40.0,0.0,1.0,19.0,One Time
16439.0,4.672222222222222,310.70000000000005,74,310.70000000000005,74.0,0,15.3,59.400000000000006,0.0,1.0,9.0,One Time
15270.0,3.2111111111111112,515.2,162,257.6,81.0,0,12.6,94.8,0.0,2.0,4.0,One Time
16661.0,8.45,282.3,34,282.3,34.0,0,107.1,175.2,0.0,1.0,2.0,One Time
17400.0,3.671410256410256,799.3000000000002,408,799.3000000000002,408.0,0,1.9,39.0,0.0,1.0,77.0,One Time
17526.0,5.746774193548387,729.12,468,729.12,468.0,0,9.9,64.5,0.0,1.0,31.0,One Time
13039.0,6.14375,162.8,52,162.8,52.0,0,10.95,34.0,0.0,1.0,8.0,One Time
15428.0,4.315454545454545,184.44,78,184.44,78.0,0,5.04,25.200000000000003,0.0,1.0,11.0,One Time
16720.0,2.826078431372549,173.21999999999997,88,173.21999999999997,88.0,0,0.19,12.75,0.0,1.0,45.0,One Time
15879.0,2.796875,133.34,77,133.34,77.0,0,0.85,17.85,0.0,1.0,30.0,One Time
17638.0,1.95,608.4,312,608.4,312.0,0,280.8,327.6,0.0,1.0,2.0,One Time
12708.0,2.910769230769231,187.47000000000003,91,187.47000000000003,91.0,0,6.8,20.4,0.0,1.0,13.0,One Time
12826.0,2.3875,458.2000000000001,268,458.2000000000001,268.0,0,45.0,94.8,0.0,1.0,8.0,One Time
16772.0,7.565,13.499999999999943,2,6.749999999999943,1.0,101,13.5,358.2,3.0,1.0,10.0,One Time
17927.0,3.015,294.0,108,294.0,108.0,0,15.0,59.400000000000006,0.0,1.0,10.0,One Time
14083.0,2.967142857142857,64.17,19,64.17,19.0,0,0.42,39.75,0.0,1.0,7.0,One Time
14555.0,3.2555555555555555,290.65000000000003,101,290.65000000000003,101.0,0,12.6,59.400000000000006,0.0,1.0,9.0,One Time
16296.0,2.973684210526316,376.0,158,376.0,158.0,0,12.75,47.400000000000006,0.0,1.0,19.0,One Time
18036.0,2.331818181818182,70.80000000000001,26,70.80000000000001,26.0,0,0.85,35.400000000000006,0.0,1.0,10.0,One Time
13921.0,5.121428571428572,102.75,25,102.75,25.0,0,9.9,17.85,0.0,1.0,7.0,One Time
12455.0,5.043707865168539,1636.4299999999998,517,1636.4299999999998,517.0,0,6.6000000000000005,79.9,0.0,1.0,89.0,One Time
13995.0,2.958333333333333,143.7,66,143.7,66.0,0,8.5,39.6,0.0,1.0,6.0,One Time
12422.0,1.3299999999999998,75.0,60,75.0,60.0,0,12.5,17.0,0.0,1.0,5.0,One Time
16600.0,1.6015,310.01000000000005,401,310.01000000000005,401.0,0,6.6000000000000005,31.6,0.0,1.0,20.0,One Time
17028.0,3.969411764705882,307.9100000000001,153,307.9100000000001,153.0,0,10.08,59.400000000000006,0.0,1.0,17.0,One Time
16222.0,4.897826086956522,498.5,138,498.5,138.0,0,13.5,59.400000000000006,0.0,1.0,23.0,One Time
15497.0,4.25,272.0,64,272.0,64.0,0,68.0,68.0,0.0,1.0,4.0,One Time
14949.0,3.596,86.46000000000001,42,86.46000000000001,42.0,0,8.49,26.82,0.0,1.0,5.0,One Time
17324.0,1.1414285714285717,101.03999999999998,88,101.03999999999998,88.0,0,6.8,27.04,0.0,1.0,7.0,One Time
15409.0,3.183333333333333,131.25,59,131.25,59.0,0,7.800000000000001,22.95,0.0,1.0,9.0,One Time
13327.0,2.8716666666666666,914.16,418,914.16,418.0,0,5.04,59.400000000000006,0.0,1.0,36.0,One Time
13781.0,3.4466666666666668,306.49,139,153.245,69.5,1,11.7,29.700000000000003,4.0,1.0,18.0,One Time
16592.0,3.15625,312.6,136,312.6,136.0,0,6.6000000000000005,32.849999999999994,0.0,1.0,16.0,One Time
18252.0,3.978,489.9700000000001,315,244.985,157.5,0,9.95,46.8,5.0,2.0,20.0,One Time
14105.0,3.276190476190476,646.3000000000001,250,646.3000000000001,250.0,0,10.2,81.0,0.0,1.0,21.0,One Time
13847.0,5.931052631578948,310.7199999999999,96,310.7199999999999,96.0,0,9.9,25.5,0.0,1.0,19.0,One Time
15518.0,2.5625,243.65,172,243.65,172.0,0,2.5,43.8,0.0,1.0,19.0,One Time
17624.0,4.782727272727272,316.83,133,316.83,133.0,0,5.04,25.5,0.0,1.0,22.0,One Time
13871.0,3.0393548387096776,554.0000000000001,271,554.0000000000001,271.0,0,7.800000000000001,33.6,0.0,1.0,31.0,One Time
12609.0,3.0,294.6,132,294.6,132.0,0,10.2,29.700000000000003,0.0,1.0,16.0,One Time
14404.0,2.673636363636364,179.48999999999995,163,59.829999999999984,54.333333333333336,12,0.21,59.400000000000006,0.0,2.0,21.0,One Time
13111.0,1.971666666666667,321.88000000000005,180,321.88000000000005,180.0,0,10.08,130.8,0.0,1.0,12.0,One Time
16282.0,5.3125,270.0,76,270.0,76.0,0,9.9,63.6,0.0,1.0,8.0,One Time
13510.0,3.318,266.70000000000005,135,266.70000000000005,135.0,0,10.5,30.0,0.0,1.0,15.0,One Time
14119.0,0.96,66.48,120,66.48,120.0,0,15.0,36.48,0.0,1.0,3.0,One Time
17182.0,5.95,178.5,30,178.5,30.0,0,71.4,107.1,0.0,1.0,2.0,One Time
14819.0,1.6475,30.64,24,30.64,24.0,0,0.84,11.4,0.0,1.0,11.0,One Time
14480.0,3.573529411764706,303.85,151,303.85,151.0,0,6.6000000000000005,39.5,0.0,1.0,17.0,One Time
17888.0,3.4333333333333336,66.2,22,66.2,22.0,0,1.95,13.8,0.0,1.0,11.0,One Time
18251.0,0.611304347826087,3284.88,8421,3284.88,8421.0,0,32.34,218.88,0.0,1.0,23.0,One Time
12440.0,2.778,488.5100000000001,253,488.5100000000001,253.0,0,13.6,45.0,0.0,1.0,20.0,One Time
18190.0,1.245625,192.42,240,192.42,240.0,0,5.04,19.8,0.0,1.0,16.0,One Time
13082.0,1.33,192.18000000000004,210,96.09000000000002,105.0,0,12.72,101.76,0.0,2.0,3.0,One Time
15064.0,6.4747619047619045,324.99000000000007,126,324.99000000000007,126.0,0,5.04,50.0,0.0,1.0,21.0,One Time
14151.0,3.2769565217391308,352.05000000000007,176,352.05000000000007,176.0,0,10.2,23.4,0.0,1.0,23.0,One Time
12539.0,3.289710144927537,5149.06,2128,2574.53,1064.0,0,5.04,107.4,0.0,2.0,104.0,One Time
